order_id,order_date,ship_date,customer_id,product_id,region,category,sub_category,quantity,sales,discount,profit
NM202404445334,2024-04-01,2024-04-08,CU0143,PR524,South,Office Supplies,Art,8,$676.08,0,148.56
NM202404601871,2024-04-03,2024-04-09,CU0065,PR512, South,Furniture,Tables,3,"$2,090.85",0,568.17
NM202404919702,2024-04-27,2024-04-28,CU0135,PR502, East,technology,Phones,8,"$2,030.08",0.2,730.56
NM202404762645,2024-04-26,2024-04-29,CU0068,PR517,West ,Office Supplies,Binders,7,$526.22,0.15,191.2
NM202404814503,2024-04-04,2024-04-04,CU0004,PR517,South,Office Supplies,Binders,3,$238.79,0.1,95.21
NM202404335048,"Apr 16, 2024","Apr 19, 2024",CU0149,PR506,West,Technology,Accessories,1,$653.80,0,325.52
NM202404455220,2024-04-21,2024-04-24,CU0145,PR514,SOUTH,Furniture,Bookcases,4,"$1,059.88",0,419.76
NM202404240500,2024-04-25,2024-05-02,CU0192,PR503,Central,Technology,Phones,8,$867.38,0.3,82.66
NM202404630978,2024-04-26,2024-05-02,CU0010,PR513,East,FURNITURE,Tables,4,$812.93,0.2,28.81
NM202404296803,2024-04-20,2024-04-25,CU0174,PR520, East,Office Supplies,Paper,8,$79.20,,37.52
NM202404632030,24-Apr-2024,01-May-2024,CU0050,PR508,WEST,TECHNOLOGY,Machines,4,$917.80,0,444.84
NM202404943825,2024-04-16,2024-04-18,CU0220,PR520,Central ,Office Supplies,Paper,8,$55.44,0.3,13.76
NM202404267127,2024-04-05,2024-04-07,CU0216,PR509,SOUTH,Technology,Machines,1,$662.47,,326.26
NM202404335261,2024-04-13,2024-04-16,CU0043,PR505, South,Technology,Accessories,8,"$1,553.92",0,653.76
NM202404589068,2024-04-10,2024-04-10,CU0189,PR507,East ,Technology,Machines,6,$256.14,0,137.04
NM202404681876,"Apr 22, 2024","Apr 29, 2024",CU0124,PR524,EAST,OFFICE SUPPLIES,Art,2,$67.61,0.6,-64.27
NM202404810673,2024-04-19,2024-04-24,CU0216,PR518,SOUTH,Office Supplies,Paper,8,$541.20,0,269.2
NM202404575691,"Apr 15, 2024","Apr 20, 2024",CU0170,PR518,SOUTH,office supplies,Paper,3,$202.95,0,100.95
NM202404532478,"Apr 07, 2024","Apr 10, 2024",CU0145,PR513,SOUTH,Furniture,Tables,6,"$1,524.24",0,348.06
NM202404354839,2024-04-04,2024-04-06,CU0180,PR506, Central,technology,Accessories,3,"$1,765.26",0.1,780.42
NM202404720936,19-Apr-2024,23-Apr-2024,CU0150,PR508,SOUTH,Technology,Machines,5,"$1,147.25",0,556.05
NM202404932352,"Apr 24, 2024","Apr 25, 2024",CU0066,PR511, West,FURNITURE,Chairs,6,$605.93,0.15,229.91
NM202404255326,2024-04-02,2024-04-06,CU0239,PR505,South ,technology,Accessories,5,$776.96,0.2,
NM202404425020,2024-04-19,2024-04-19,CU0134,PR512,central,FURNITURE,Tables,3,"$2,090.85",0,568.17
NM202404891511,2024-04-05,2024-04-10,CU0083,PR516,central,OFFICE SUPPLIES,Binders,5,$48.20,,23.8
NM202404328308,2024-04-23,2024-04-27,CU0238,PR511, Central,FURNITURE,Chairs,4,$427.72,0.1,177.04
NM202404682173,2024-04-23,2024-04-29,CU0233,PR515,East ,furniture,Bookcases,3,"$1,373.54",0.2,423.2
NM202404588170,2024-04-21,2024-04-27,CU0050,PR519, West,Office Supplies,Paper,8,$81.07,0.1,23.55
NM202404257156,2024-04-14,2024-04-16,CU0199,PR520,Central,Office Supplies,Paper,3,$26.73,0.1,11.1
NM202404884335,2024-04-14,2024-04-16,CU0186,PR517, East,Office Supplies,Binders,4,$212.26,0.4,20.82
NM202404773343,"Apr 30, 2024","May 03, 2024",CU0135,PR514,east,Furniture,Bookcases,5,"$1,324.85",0,524.7
NM202404350099,2024-04-27,2024-05-04,CU0191,PR504,West ,Technology,Accessories,3,"$2,183.76",0,903.99
NM202404493091,2024-04-02,2024-04-09,CU0068,PR521,West ,Office Supplies,Storage,7,$348.60,0,82.74
NM202404241955,2024-04-04,2024-04-11,CU0191,PR504,WEST,Technology,Accessories,5,"$2,911.68",0.2,778.73
NM202404118243,2024-04-28,2024-05-05,CU0037,PR518,WEST,OFFICE SUPPLIES,Paper,4,$243.54,0.1,107.54
NM202404226421,18-Apr-2024,22-Apr-2024,CU0159,PR510,Central,furniture,Chairs,8,"$1,941.12",0,606.64
NM202404700328,2024-04-02,2024-04-08,CU0048,PR523,West ,OFFICE SUPPLIES,Art,5,$216.88,0.15,23.63
NM202404309423,2024-04-11,2024-04-12,CU0231,PR506,west,TECHNOLOGY,Accessories,7,"$4,576.60",0,2278.64
NM202404960995,2024-04-05,2024-04-05,CU0234,PR515,west,Furniture,Bookcases,5,"$2,861.55",0,1277.65
NM202404288559,2024-04-30,2024-05-01,CU0191,PR516, West,Office Supplies,Binders,2,$19.28,0,9.52
NM202404453961,2024-04-20,2024-04-21,CU0178,PR519,west,Office Supplies,Paper,2,$22.52,0,8.14
NM202404973180,21-Apr-2024,28-Apr-2024,CU0240,PR520,EAST,Office Supplies,Paper,8,$71.28,0.1,29.6
NM202404279422,18-Apr-2024,24-Apr-2024,CU0043,PR523, South,OFFICE SUPPLIES,Art,7,$357.21,0,86.66
NM202404291282,2024-04-20,2024-04-24,CU0052,PR505,East ,TECHNOLOGY,Accessories,4,$776.96,0,326.88
NM202404653304,2024-04-21,2024-04-23,CU0099,PR510,EAST,furniture,Chairs,7,"$1,698.48",0,530.81
NM202404524025,2024-04-04,2024-04-06,CU0159,PR508, Central,TECHNOLOGY,Machines,3,$688.35,0,333.63
NM202404345656,2024-04-28,2024-04-30,CU0031,PR510, South,FURNITURE,Chairs,2,$291.17,0.4,-42.45
NM202404317759,2024-04-19,2024-04-25,CU0091,PR509,West ,Technology,Machines,6,"$3,974.82",0,1957.56
NM202404918313,2024-04-14,2024-04-17,CU0224,PR506,East,TECHNOLOGY,Accessories,6,"$2,745.96",0.3,776.28
NM202404139438,2024-04-18,2024-04-20,CU0102,PR517,West,office supplies,Binders,5,$309.54,0.3,70.24
NM202404659743,2024-04-05,2024-04-08,CU0196,PR510,east,Furniture,Chairs,7,"$1,443.71",0.15,276.04
NM202404693335,2024-04-19,2024-04-24,CU0009,PR507, West,TECHNOLOGY,Machines,7,$209.18,0.3,70.23
NM202404798953,2024-04-19,2024-04-21,CU0170,PR523,south,office supplies,Art,4,$204.12,0,49.52
NM202404958578,2024-04-29,2024-05-03,CU0126,PR518,SOUTH,OFFICE SUPPLIES,Paper,1,$67.65,0,33.65
NM202404801144,2024-04-18,2024-04-22,CU0076,PR510,central,furniture,Chairs,4,$873.50,0.1,206.26
NM202404345896,"Apr 20, 2024","Apr 24, 2024",CU0180,PR508, Central,Technology,Machines,5,$975.16,0.15,383.96
NM202404487455,2024-04-18,2024-04-21,CU0036,PR517,CENTRAL,office supplies,Binders,6,$477.58,0.1,190.42
NM202404988700,2024-04-02,2024-04-03,CU0225,PR515,WEST,Furniture,Bookcases,4,"$1,945.85",0.15,678.73
NM202404222483,2024-04-25,2024-05-02,CU0130,PR512,CENTRAL,Furniture,Tables,4,"$2,787.80",0,757.56
NM202404672719,2024-04-15,2024-04-17,CU0014,PR518, South,Office Supplies,Paper,7,$473.55,0,235.55
NM202404114610,2024-04-21,2024-04-25,CU0053,PR512,East,furniture,Tables,5,"$2,090.85",0.4,-446.95
NM202404331955,2024-04-08,2024-04-10,CU0101,PR504,south,Technology,Accessories,8,"$3,494.02",0.4,81.3
NM202404496721,2024-04-05,2024-04-07,CU0152,PR521,East ,office supplies,Storage,4,$169.32,,17.4
NM202404393721,2024-04-19,2024-04-19,CU0145,PR512,South ,Furniture,Tables,7,"$4,146.85",,593.93
NM202404598536,2024-04-16,2024-04-17,CU0130,PR510,Central ,FURNITURE,Chairs,7,"$1,698.48",0,530.81
NM202404521794,2024-04-03,2024-04-07,CU0201,PR511,south,Furniture,Chairs,8,$950.48,,449.12
NM202404363861,2024-04-02,2024-04-05,CU0206,PR503,East ,Technology,Phones,2,$309.78,0,113.6
NM202404279573,2024-04-20,2024-04-24,CU0110,PR515,West,furniture,Bookcases,1,$572.31,0,255.53
NM202404267700,2024-04-16,2024-04-18,CU0176,PR519,East ,Office Supplies,Paper,7,$70.94,0.1,20.61
NM202404143232,2024-04-25,2024-05-01,CU0207,PR511,central,FURNITURE,Chairs,1,$95.05,0.2,32.38
NM202404499540,2024-04-26,2024-04-28,CU0179,PR513,south,Furniture,Tables,1,$177.83,0.3,-18.2
NM202404681556,2024-04-05,2024-04-11,CU0019,PR507, East,Technology,Machines,5,$213.45,0,114.2
NM202404929902,2024-04-16,2024-04-20,CU0134,PR524,CENTRAL,Office Supplies,Art,2,$169.02,,37.14
NM202404167424,2024-04-24,2024-04-30,CU0214,PR511,central,Furniture,Chairs,1,$100.99,0.15,38.32
NM202404189804,2024-04-17,2024-04-23,CU0207,PR503,Central,TECHNOLOGY,Phones,8,"$1,239.12",0,454.4
NM202404645927,2024-04-25,2024-04-30,CU0110,PR507, West,TECHNOLOGY,Machines,2,$76.84,0.1,37.14
NM202404242607,2024-04-19,2024-04-24,CU0013,PR501,Central ,TECHNOLOGY,Phones,4,"$3,328.19",0.2,474.55
NM202404767591,2024-04-20,2024-04-27,CU0142,PR503,CENTRAL,Technology,Phones,3,$418.20,0.1,123.93
NM202404550671,2024-04-22,2024-04-26,CU0119,PR506,WEST,Technology,Accessories,7,"$4,576.60",0,2278.64
NM202404745267,2024-04-26,2024-05-03,CU0240,PR504,EAST,Technology,Accessories,7,"$4,076.35",0.2,1090.22
NM202404218454,2024-04-24,2024-04-27,CU0185,PR518,East ,OFFICE SUPPLIES,Paper,7,$284.13,0.4,46.13
NM202404148333,2024-04-22,2024-04-25,CU0147,PR523,WEST,OFFICE SUPPLIES,Art,7,$357.21,0,86.66
NM202404496391,2024-04-26,2024-05-02,CU0009,PR503,west,Technology,Phones,5,$658.28,0.15,167.83
NM202404359269,2024-04-24,2024-04-24,CU0156,PR519,East ,Office Supplies,Paper,3,$33.78,0,12.21
NM202404847466,2024-04-20,2024-04-20,CU0185,PR510,EAST,FURNITURE,Chairs,3,$727.92,0,227.49
NM202404544134,2024-04-17,2024-04-18,CU0175,PR510, Central,Furniture,Chairs,1,$206.24,0.15,39.43
NM202404160197,2024-04-27,2024-04-28,CU0172,PR522, Central,office supplies,Storage,4,$166.76,,78.68
NM202404437279,2024-04-04,2024-04-06,CU0073,PR521,West,office supplies,Storage,6,$298.80,0,70.92
NM202404899323,2024-04-22,2024-04-29,CU0160,PR507, South,Technology,Machines,6,$256.14,0,137.04
NM202404788267,2024-04-27,2024-04-30,CU0110,PR521,West ,Office Supplies,Storage,1,$49.80,0,11.82
NM202404551473,2024-04-16,2024-04-19,CU0227,PR521,West,office supplies,Storage,3,$89.64,0.4,-24.3
NM202404508195,2024-04-17,2024-04-22,CU0214,PR501,central,Technology,Phones,5,"$4,680.27",0.1,1113.22
NM202404142901,23-Apr-2024,23-Apr-2024,CU0222,PR512,West,FURNITURE,Tables,7,"$2,927.19",0.4,-625.73
NM202404851687,2024-04-08,2024-04-10,CU0076,PR501,Central,Technology,Phones,1,$832.05,0.2,118.64
NM202404579949,2024-04-27,2024-05-04,CU0091,PR501,WEST,technology,Phones,5,"$5,200.30",0,1633.25
NM202404354245,2024-04-21,2024-04-21,CU0039,PR524,EAST,OFFICE SUPPLIES,Art,1,$84.51,0,18.57
NM202404507243,"Apr 24, 2024","Apr 27, 2024",CU0119,PR521,WEST,Office Supplies,Storage,6,$298.80,0,70.92
NM202404796835,2024-04-03,2024-04-09,CU0006,PR523,SOUTH,OFFICE SUPPLIES,Art,8,$326.59,0.2,17.39
NM202404129775,2024-04-27,2024-04-27,CU0029,PR509,west,Technology,Machines,4,"$2,384.89",0.1,1040.05
NM202404918813,2024-04-18,2024-04-21,CU0179,PR522,South ,Office Supplies,Storage,5,$145.91,0.3,35.81
NM202404185656,2024-04-01,2024-04-08,CU0093,PR515,East,Furniture,Bookcases,7,"$3,204.94",0.2,987.48
NM202404146629,2024-04-19,2024-04-19,CU0021,PR522, South,Office Supplies,Storage,7,$262.65,0.1,
NM202404935439,2024-04-13,2024-04-13,CU0032,PR520,central,Office Supplies,Paper,4,$39.60,0,18.76
NM202404440410,2024-04-19,2024-04-22,CU0166,PR513,Central,Furniture,Tables,2,$355.66,0.3,-36.4
NM202404446515,2024-04-12,2024-04-19,CU0005,PR519,east,OFFICE SUPPLIES,Paper,7,$78.82,0,28.49
NM202404341903,2024-04-29,2024-04-29,CU0209,PR505,CENTRAL,technology,Accessories,2,$271.94,0.3,46.9
NM202404150403,"Apr 06, 2024","Apr 06, 2024",CU0186,PR511,East ,FURNITURE,Chairs,5,$594.05,0,280.7
NM202404348938,2024-04-25,2024-04-28,CU0227,PR509, West,technology,Machines,6,"$2,782.37",0.3,765.11
NM202404685351,2024-04-14,2024-04-16,CU0011,PR504,WEST,TECHNOLOGY,Accessories,1,$655.13,0.1,228.54
NM202404689660,2024-04-05,2024-04-08,CU0180,PR514,Central ,Furniture,Bookcases,4,"$1,059.88",0,419.76
NM202404439997,2024-04-23,2024-04-24,CU0019,PR504,East ,technology,Accessories,5,"$2,911.68",0.2,778.73
NM202404266796,2024-04-22,2024-04-25,CU0163,PR520,Central,Office Supplies,Paper,3,$26.73,0.1,11.1
NM202404400682,2024-04-17,2024-04-24,CU0206,PR515,EAST,Furniture,Bookcases,3,"$1,373.54",0.2,423.2
NM202404124855,2024-04-22,2024-04-24,CU0147,PR501,WEST,Technology,Phones,5,"$4,160.24",0.2,
NM202404535162,2024-04-21,2024-04-21,CU0235,PR504,East ,TECHNOLOGY,Accessories,5,"$3,275.64",0.1,1142.69
NM202404407130,2024-04-17,2024-04-19,CU0146,PR512, East,furniture,Tables,7,"$4,390.79",0.1,837.87
NM202404494592,2024-04-05,2024-04-11,CU0003,PR505,east,TECHNOLOGY,Accessories,5,$776.96,0.2,214.36
NM202404655948,2024-04-15,2024-04-16,CU0067,PR512,East ,Furniture,Tables,2,"$1,393.90",0,378.78
NM202404332056,2024-04-14,2024-04-16,CU0105,PR520,east,OFFICE SUPPLIES,Paper,6,$59.40,0,28.14
NM202404396447,2024-04-17,2024-04-20,CU0044,PR502, Central,technology,Phones,5,"$1,427.40",0.1,615.2
NM202404777430,2024-04-03,2024-04-05,CU0226,PR519,east,Office Supplies,Paper,5,$33.78,0.4,-2.17
NM202404525114,2024-04-27,2024-05-04,CU0061,PR522, West,office supplies,Storage,1,$35.44,0.15,13.42
NM202404565190,2024-04-23,2024-04-27,CU0231,PR506, West,Technology,Accessories,6,"$2,353.68",0.4,384.0
NM202404958636,2024-04-26,2024-05-03,CU0110,PR516,west,OFFICE SUPPLIES,Binders,2,$11.57,0.4,1.81
NM202404520009,2024-04-06,2024-04-10,CU0098,PR522,Central,office supplies,Storage,3,$75.04,0.4,8.98
NM202404200307,2024-04-29,2024-05-04,CU0180,PR501,Central,technology,Phones,7,"$5,824.34",0.2,830.47
NM202404606602,2024-04-15,2024-04-15,CU0235,PR521,east,Office Supplies,Storage,3,$149.40,0,35.46
NM202404989836,2024-04-11,2024-04-17,CU0013,PR516,CENTRAL,Office Supplies,Binders,8,$65.55,0.15,26.51
NM202404536342,2024-04-14,2024-04-18,CU0077,PR507,South ,TECHNOLOGY,Machines,8,$341.52,0,182.72
NM202404776266,2024-04-06,2024-04-07,CU0080,PR509, South,TECHNOLOGY,Machines,7,"$4,173.56",0.1,1820.09
NM202404498610,2024-04-20,2024-04-20,CU0143,PR522, South,OFFICE SUPPLIES,Storage,6,$225.13,0.1,93.01
NM202404538467,2024-04-15,2024-04-19,CU0226,PR507,East,Technology,Machines,7,$209.18,0.3,70.23
NM202404206846,2024-04-17,2024-04-20,CU0096,PR521,EAST,Office Supplies,Storage,2,$89.64,0.1,13.68
NM202404738642,2024-04-10,2024-04-16,CU0029,PR518,West ,Office Supplies,Paper,2,$121.77,0.1,53.77
NM202404994747,2024-04-04,2024-04-05,CU0154,PR522,south,Office Supplies,Storage,8,$333.52,0,157.36
NM202404723626,2024-04-10,2024-04-14,CU0237,PR511,West,furniture,Chairs,4,$403.95,0.15,153.27
NM202404350186,2024-04-05,2024-04-07,CU0236,PR518,South,OFFICE SUPPLIES,Paper,3,$121.77,0.4,19.77
NM202404521967,2024-04-10,2024-04-13,CU0077,PR523,SOUTH,office supplies,Art,6,$306.18,0,74.28
NM202404326847,2024-04-01,2024-04-03,CU0224,PR515,East ,Furniture,Bookcases,3,"$1,716.93",0,766.59
NM202404118679,2024-04-04,2024-04-04,CU0111,PR518,East,Office Supplies,Paper,8,$541.20,0,269.2
NM202404312199,2024-04-20,2024-04-22,CU0070,PR504,CENTRAL,technology,Accessories,5,"$3,639.60",0,1506.65
NM202404957637,2024-04-08,2024-04-15,CU0085,PR517, West,Office Supplies,Binders,2,$176.88,0,81.16
NM202404262015,2024-04-16,2024-04-16,CU0005,PR506,east,Technology,Accessories,5,"$3,269.00",0,1627.6
NM202404663875,"Apr 05, 2024","Apr 06, 2024",CU0126,PR511,South ,FURNITURE,Chairs,1,$47.52,0.6,-15.15
NM202404930183,2024-04-02,2024-04-02,CU0166,PR517, Central,OFFICE SUPPLIES,Binders,1,$35.38,0.6,-12.48
NM202404527676,2024-04-23,2024-04-26,CU0045,PR512,South ,FURNITURE,Tables,6,"$4,181.70",0,1136.34
NM202404341925,2024-04-18,2024-04-25,CU0040,PR501,WEST,Technology,Phones,4,"$3,744.22",0.1,890.58
NM202404184985,2024-04-17,2024-04-23,CU0011,PR512,WEST,FURNITURE,Tables,8,"$4,460.48",0.2,400.0
NM202404766276,2024-04-27,2024-04-27,CU0004,PR507,South ,Technology,Machines,4,$153.68,0.1,74.28
NM202404118082,"Apr 13, 2024","Apr 16, 2024",CU0173,PR509, West,Technology,Machines,4,"$2,119.90",0.2,775.06
NM202404995807,2024-04-16,2024-04-18,CU0071,PR502,east,TECHNOLOGY,Phones,6,"$1,522.56",0.2,547.92
NM202404670690,2024-04-24,2024-04-28,CU0105,PR521,east,OFFICE SUPPLIES,Storage,3,$149.40,0,35.46
NM202404667801,2024-04-09,2024-04-16,CU0113,PR515,South,Furniture,Bookcases,4,"$2,289.24",0,1022.12
NM202404278085,2024-04-02,2024-04-05,CU0218,PR521,East,Office Supplies,Storage,7,$139.44,0.6,-126.42
NM202404867041,2024-04-28,2024-04-29,CU0032,PR522, Central,Office Supplies,Storage,3,$125.07,0,59.01
NM202404753514,27-Apr-2024,03-May-2024,CU0017,PR509,South ,technology,Machines,6,"$3,179.86",0.2,1162.6
NM202404782650,2024-04-25,2024-04-28,CU0035,PR514,CENTRAL,Furniture,Bookcases,1,$264.97,0,104.94
NM202404502165,2024-04-17,2024-04-21,CU0031,PR521,south,Office Supplies,Storage,6,$239.04,0.2,11.16
NM202404446236,2024-04-16,2024-04-20,CU0134,PR509,Central ,technology,Machines,3,"$1,987.41",0,978.78
NM202404239989,2024-04-30,2024-05-01,CU0200,PR508,East,technology,Machines,1,$229.45,0,111.21
NM202404832127,2024-04-20,2024-04-21,CU0037,PR501,West,technology,Phones,4,"$3,744.22",0.1,890.58
NM202404712602,2024-04-07,2024-04-08,CU0224,PR501, East,Technology,Phones,4,"$3,744.22",0.1,890.58
NM202404912246,2024-04-24,2024-04-29,CU0108,PR505, East,Technology,Accessories,6,$815.81,0.3,140.69
NM202404977582,2024-04-27,2024-04-28,CU0130,PR524, Central,OFFICE SUPPLIES,Art,1,$33.80,0.6,-32.14
NM202404234348,2024-04-14,2024-04-14,CU0187,PR514, East,Furniture,Bookcases,4,"$1,059.88",0,419.76
NM202404939097,2024-04-03,2024-04-07,CU0047,PR513,East,furniture,Tables,4,"$1,016.16",0,232.04
NM202404953457,2024-04-01,2024-04-06,CU0178,PR520, West,OFFICE SUPPLIES,Paper,1,$8.42,0.15,3.21
NM202404516175,2024-04-19,2024-04-26,CU0240,PR511,East,furniture,Chairs,2,$213.86,0.1,88.52
NM202404438085,2024-04-21,2024-04-24,CU0055,PR514,West,furniture,Bookcases,2,$423.95,0.2,103.89
NM202404409349,2024-04-28,2024-05-05,CU0221,PR511,SOUTH,Furniture,Chairs,7,$499.00,0.4,60.31
NM202404126675,2024-04-13,2024-04-17,CU0087,PR515, South,Furniture,Bookcases,5,"$2,289.24",0.2,705.34
NM202404131554,2024-04-08,2024-04-15,CU0152,PR517, East,Office Supplies,Binders,1,$70.75,0.2,22.89
NM202404177081,2024-04-27,2024-05-04,CU0068,PR510,WEST,Furniture,Chairs,2,$485.28,0,151.66
NM202404428463,2024-04-18,2024-04-23,CU0190,PR505,east,Technology,Accessories,6,$990.62,0.15,315.5
NM202404245543,2024-04-16,2024-04-17,CU0141,PR520,South,Office Supplies,Paper,5,$39.60,0.2,13.55
NM202404322917,2024-04-05,2024-04-07,CU0064,PR506, West,TECHNOLOGY,Accessories,4,"$2,615.20",0,1302.08
NM202404917249,2024-04-11,2024-04-11,CU0078,PR512, South,furniture,Tables,4,"$2,787.80",0,757.56
NM202404556341,2024-04-09,2024-04-10,CU0016,PR504, East,technology,Accessories,6,"$3,494.02",0.2,
NM202404277702,2024-04-14,2024-04-14,CU0168,PR521,central,OFFICE SUPPLIES,Storage,5,$224.10,0.1,34.2
NM202404774497,2024-04-01,2024-04-04,CU0164,PR501,CENTRAL,Technology,Phones,5,"$4,420.25",0.15,853.2
NM202404488262,2024-04-11,2024-04-13,CU0046,PR522,South ,Office Supplies,Storage,1,$37.52,0.1,15.5
NM202404677338,2024-04-26,2024-04-30,CU0120,PR512, East,furniture,Tables,4,"$2,230.24",0.2,200.0
NM202404577733,2024-04-06,2024-04-08,CU0157,PR503,SOUTH,Technology,Phones,7,"$1,084.23",0,397.6
NM202404220141,2024-04-03,2024-04-06,CU0065,PR509,SOUTH,TECHNOLOGY,Machines,7,"$4,637.29",0,2283.82
NM202404226473,2024-04-16,2024-04-22,CU0147,PR502,West ,TECHNOLOGY,Phones,5,"$1,586.00",,773.8
NM202404186436,2024-04-17,2024-04-23,CU0171,PR506,West ,technology,Accessories,6,"$3,530.52",0.1,1560.84
NM202404690544,2024-04-25,2024-04-27,CU0119,PR516,WEST,Office Supplies,Binders,7,$67.48,0,33.32
NM202404278374,2024-04-11,2024-04-12,CU0201,PR512,South,furniture,Tables,7,"$4,390.79",0.1,837.87
NM202404312920,2024-04-10,2024-04-13,CU0144,PR502,West ,TECHNOLOGY,Phones,8,"$2,537.60",0,1238.08
NM202404208394,"Apr 03, 2024","Apr 08, 2024",CU0185,PR517,EAST,office supplies,Binders,8,$601.39,0.15,218.51
NM202404784815,2024-04-09,2024-04-16,CU0058,PR515,EAST,FURNITURE,Bookcases,6,"$2,918.78",0.15,1018.1
NM202404688120,2024-04-21,2024-04-26,CU0232,PR516,Central,OFFICE SUPPLIES,Binders,8,$77.12,0,38.08
NM202404650613,2024-04-20,2024-04-21,CU0080,PR518,South ,OFFICE SUPPLIES,Paper,5,$135.30,0.6,-34.7
NM202404792384,2024-04-12,2024-04-15,CU0078,PR523,south,OFFICE SUPPLIES,Art,3,$153.09,0,37.14
NM202404780693,17-Apr-2024,17-Apr-2024,CU0069,PR503,EAST,technology,Phones,8,"$1,115.21",0.1,330.49
NM202404918448,2024-04-29,2024-05-03,CU0006,PR504,SOUTH,Technology,Accessories,3,"$1,965.38",0.1,685.61
NM202404851927,2024-04-23,2024-04-28,CU0167,PR508,South ,TECHNOLOGY,Machines,6,"$1,101.36",0.2,391.92
NM202404781170,2024-04-04,2024-04-09,CU0019,PR510, East,Furniture,Chairs,8,"$1,747.01",,412.53
NM202404680856,2024-04-01,2024-04-03,CU0041,PR519,South,Office Supplies,Paper,3,$30.40,0.1,8.83
NM202404891765,2024-04-04,2024-04-06,CU0068,PR507,West,Technology,Machines,5,$213.45,0,
NM202404646141,2024-04-19,2024-04-22,CU0099,PR501,East,TECHNOLOGY,Phones,1,$416.02,0.6,-297.39
NM202404251727,2024-04-28,2024-04-30,CU0120,PR515,East ,Furniture,Bookcases,6,"$2,747.09",,846.41
NM202404412067,2024-04-13,2024-04-19,CU0042,PR519,Central ,Office Supplies,Paper,7,$47.29,0.4,-3.04
NM202404492512,2024-04-21,2024-04-26,CU0023,PR524,Central ,OFFICE SUPPLIES,Art,8,$676.08,0,148.56
NM202404805626,21-Apr-2024,25-Apr-2024,CU0204,PR523,CENTRAL,Office Supplies,Art,3,$130.13,0.15,14.18
NM202404961659,2024-04-09,2024-04-09,CU0151,PR507,CENTRAL,Technology,Machines,3,$128.07,0,68.52
NM202404879749,2024-04-17,2024-04-20,CU0096,PR506,east,Technology,Accessories,3,"$1,961.40",0,976.56
NM202404203510,2024-04-11,2024-04-17,CU0048,PR516,WEST,Office Supplies,Binders,1,$9.64,0,4.76
NM202404656408,2024-04-12,2024-04-12,CU0178,PR511,west,furniture,Chairs,5,$504.94,0.15,191.59
NM202404937436,2024-04-13,2024-04-18,CU0176,PR502,East,technology,Phones,4,$761.28,0.4,111.52
NM202404635668,2024-04-19,2024-04-20,CU0075,PR524,West,Office Supplies,Art,3,$177.47,0.3,-20.35
NM202404426426,2024-04-04,2024-04-04,CU0005,PR522,East ,Office Supplies,Storage,5,$208.45,0,98.35
NM202404738692,2024-04-26,2024-04-27,CU0185,PR516, East,office supplies,Binders,1,$3.86,,-1.02
NM202404844412,2024-04-10,2024-04-12,CU0193,PR509,East ,Technology,Machines,6,"$3,974.82",0,1957.56
NM202404301898,2024-04-17,2024-04-20,CU0146,PR502,East,technology,Phones,1,$285.48,0.1,123.04
NM202404719815,2024-04-07,2024-04-12,CU0117,PR519,south,office supplies,Paper,8,$72.06,0.2,14.54
NM202404656998,2024-04-04,2024-04-04,CU0152,PR501,east,TECHNOLOGY,Phones,3,"$2,496.14",0.2,355.91
NM202404968315,2024-04-03,2024-04-09,CU0052,PR524, East,Office Supplies,Art,7,$591.57,0,129.99
NM202404933740,2024-04-22,2024-04-22,CU0166,PR516,Central ,Office Supplies,Binders,1,$8.68,0.1,3.8
NM202404334489,2024-04-16,2024-04-21,CU0223,PR501,Central ,Technology,Phones,4,"$3,328.19",0.2,474.55
NM202404293626,2024-04-30,2024-05-07,CU0020,PR503, Central,Technology,Phones,3,$371.74,0.2,77.47
NM202404975200,"Apr 16, 2024","Apr 18, 2024",CU0105,PR520, East,Office Supplies,Paper,5,$39.60,0.2,13.55
NM202404448881,2024-04-22,2024-04-26,CU0187,PR523,East ,Office Supplies,Art,4,$81.65,0.6,-72.95
NM202404342193,2024-04-19,2024-04-23,CU0240,PR512, East,furniture,Tables,7,"$4,878.65",0,1325.73
NM202404663403,2024-04-15,2024-04-22,CU0150,PR502,south,Technology,Phones,1,$222.04,0.3,59.6
NM202404655447,2024-04-27,2024-04-29,CU0111,PR513,east,FURNITURE,Tables,4,$406.46,0.6,-377.66
NM202404271692,2024-04-03,2024-04-10,CU0060,PR520,South ,Office Supplies,Paper,7,$62.37,0.1,25.9
NM202404742092,2024-04-06,2024-04-11,CU0020,PR519,Central ,Office Supplies,Paper,1,$9.01,0.2,1.82
NM202404571648,2024-04-29,2024-05-03,CU0233,PR514,East,Furniture,Bookcases,5,"$1,324.85",0,524.7
NM202404344301,2024-04-06,2024-04-08,CU0229,PR519, Central,Office Supplies,Paper,7,$78.82,0,28.49
NM202404660698,2024-04-25,2024-05-01,CU0210,PR524,east,OFFICE SUPPLIES,Art,7,$236.63,0.6,-224.95
NM202404533395,2024-04-20,2024-04-24,CU0048,PR524,West ,office supplies,Art,1,$84.51,0,18.57
NM202404253410,14-Apr-2024,21-Apr-2024,CU0139,PR506,West,Technology,Accessories,3,"$1,961.40",0,976.56
NM202404202418,2024-04-01,2024-04-02,CU0128,PR521, East,Office Supplies,Storage,7,$348.60,0,82.74
NM202404464477,2024-04-04,2024-04-10,CU0066,PR509, West,Technology,Machines,3,"$1,391.19",0.3,382.56
NM202404858273,2024-04-03,2024-04-06,CU0122,PR522,EAST,Office Supplies,Storage,1,$41.69,,19.67
NM202404795422,"Apr 21, 2024","Apr 26, 2024",CU0210,PR521,East ,OFFICE SUPPLIES,Storage,7,$348.60,0,82.74
NM202404857233,2024-04-27,2024-05-01,CU0148,PR523,South,Office Supplies,Art,5,$178.60,,-14.65
NM202404730344,"Apr 21, 2024","Apr 25, 2024",CU0017,PR512,South,Furniture,Tables,4,"$1,951.46",0.3,
NM202404454978,2024-04-15,2024-04-19,CU0172,PR506,CENTRAL,Technology,Accessories,3,"$1,765.26",0.1,780.42
NM202404832671,"Apr 06, 2024","Apr 08, 2024",CU0071,PR505,East,technology,Accessories,6,"$1,165.44",0,490.32
NM202404851373,2024-04-20,2024-04-21,CU0110,PR516,WEST,Office Supplies,Binders,4,$34.70,,15.18
NM202404738185,2024-04-13,2024-04-16,CU0238,PR503,Central,TECHNOLOGY,Phones,8,"$1,239.12",0,454.4
NM202404303130,"Apr 18, 2024","Apr 20, 2024",CU0197,PR522,West ,OFFICE SUPPLIES,Storage,2,$83.38,0,39.34
NM202404131431,2024-04-10,2024-04-17,CU0040,PR507,West,technology,Machines,7,$298.83,0,159.88
NM202404326556,2024-04-15,2024-04-19,CU0148,PR521,south,Office Supplies,Storage,2,$84.66,0.15,8.7
NM202404831241,2024-04-18,2024-04-18,CU0021,PR520,south,office supplies,Paper,7,$62.37,0.1,25.9
NM202404671334,2024-04-18,2024-04-19,CU0036,PR507,Central,Technology,Machines,1,$34.15,0.2,14.3
NM202404300568,2024-04-05,2024-04-08,CU0098,PR505,Central ,TECHNOLOGY,Accessories,7,"$1,359.68",0,572.04
NM202404189827,2024-04-20,2024-04-26,CU0133,PR503,west,Technology,Phones,8,"$1,053.25",0.15,268.53
NM202404442628,2024-04-04,2024-04-08,CU0163,PR512,central,furniture,Tables,4,"$2,787.80",0,757.56
NM202404281847,2024-04-03,2024-04-03,CU0111,PR501,East,technology,Phones,1,"$1,040.06",0,326.65
NM202404369766,19-Apr-2024,19-Apr-2024,CU0151,PR520, Central,Office Supplies,Paper,6,$50.49,0.15,19.23
NM202404313405,2024-04-10,2024-04-11,CU0046,PR513,SOUTH,FURNITURE,Tables,3,$685.91,0.1,97.82
NM202404597261,01-Apr-2024,02-Apr-2024,CU0120,PR502,EAST,Technology,Phones,1,$317.20,0,154.76
NM202404619176,2024-04-12,2024-04-18,CU0029,PR510,West ,Furniture,Chairs,4,$824.98,0.15,157.74
NM202404448925,2024-04-08,2024-04-11,CU0002,PR501,West ,Technology,Phones,7,"$7,280.42",0,2286.55
NM202404770066,2024-04-05,2024-04-12,CU0166,PR511,central,furniture,Chairs,3,$356.43,0,168.42
NM202404866002,2024-04-29,2024-05-03,CU0047,PR519,East,OFFICE SUPPLIES,Paper,4,$45.04,0,16.28
NM202404185662,2024-04-25,2024-04-26,CU0054,PR522,South,Office Supplies,Storage,6,$250.14,0,118.02
NM202404429246,2024-04-06,2024-04-10,CU0031,PR517, South,Office Supplies,Binders,3,$159.19,0.4,15.61
NM202404956911,2024-04-11,2024-04-18,CU0110,PR524,West,Office Supplies,Art,1,$84.51,0,18.57
NM202404327616,2024-04-02,2024-04-02,CU0159,PR519,Central,office supplies,Paper,2,$22.52,0,8.14
NM202404723748,2024-04-28,2024-05-04,CU0097,PR512, Central,Furniture,Tables,3,"$2,090.85",0,568.17
NM202404147415,2024-04-19,2024-04-20,CU0131,PR508,Central ,technology,Machines,7,$963.69,0.4,136.01
NM202404895818,2024-04-20,2024-04-20,CU0182,PR504,EAST,Technology,Accessories,5,"$3,275.64",0.1,1142.69
NM202404199771,2024-04-05,2024-04-10,CU0061,PR504,WEST,Technology,Accessories,5,"$3,093.66",,960.71
NM202404337549,2024-04-15,2024-04-16,CU0204,PR513,Central ,furniture,Tables,6,"$1,524.24",0,348.06
NM202404801635,2024-04-04,2024-04-10,CU0154,PR523, South,OFFICE SUPPLIES,Art,3,$137.78,0.1,21.83
NM202404440148,2024-04-18,2024-04-22,CU0179,PR522,SOUTH,office supplies,Storage,6,$200.11,0.2,67.99
NM202404546103,2024-04-06,2024-04-06,CU0108,PR510,East ,Furniture,Chairs,8,"$1,552.90",0.2,
NM202404221936,2024-04-10,2024-04-15,CU0125,PR503,east,technology,Phones,5,$697.00,0.1,206.55
NM202404624245,2024-04-09,2024-04-15,CU0004,PR508,South,TECHNOLOGY,Machines,5,$803.07,0.3,211.88
NM202404234890,2024-04-12,2024-04-16,CU0023,PR502,central,Technology,Phones,5,"$1,268.80",0.2,456.6
NM202404176044,21-Apr-2024,23-Apr-2024,CU0123,PR505,central,Technology,Accessories,4,$776.96,0,326.88
NM202404812796,2024-04-05,2024-04-08,CU0157,PR512, South,Furniture,Tables,7,"$4,390.79",0.1,837.87
NM202404688258,2024-04-20,2024-04-22,CU0040,PR506,West,Technology,Accessories,6,"$3,530.52",0.1,1560.84
NM202404105573,2024-04-30,2024-05-07,CU0112,PR520,SOUTH,Office Supplies,Paper,2,$11.88,0.4,1.46
NM202404476513,2024-04-14,2024-04-14,CU0208,PR506,WEST,TECHNOLOGY,Accessories,4,"$2,092.16",0.2,779.04
NM202404208601,2024-04-19,2024-04-24,CU0051,PR504,South,Technology,Accessories,8,"$5,823.36",0,2410.64
NM202404861278,"Apr 08, 2024","Apr 13, 2024",CU0203,PR511,South,Furniture,Chairs,3,$320.79,0.1,132.78
NM202404634015,2024-04-06,2024-04-10,CU0012,PR523,CENTRAL,OFFICE SUPPLIES,Art,1,$30.62,0.4,-8.03
NM202404436620,"Apr 02, 2024","Apr 02, 2024",CU0029,PR513,west,furniture,Tables,3,$762.12,,174.03
NM202404729745,"Apr 09, 2024","Apr 12, 2024",CU0192,PR517,Central ,Office Supplies,Binders,8,$566.02,,183.14
NM202404911394,08-Apr-2024,12-Apr-2024,CU0223,PR501,Central,TECHNOLOGY,Phones,7,"$6,188.36",0.15,1194.49
NM202404664160,2024-04-05,2024-04-11,CU0018,PR514, South,Furniture,Bookcases,3,$476.95,0.4,-3.14
NM202404505066,2024-04-29,2024-04-29,CU0202,PR504, Central,Technology,Accessories,6,"$3,494.02",0.2,934.48
NM202404437404,2024-04-14,2024-04-17,CU0163,PR522,Central ,Office Supplies,Storage,7,$248.06,0.15,93.92
NM202404714887,2024-04-14,2024-04-15,CU0140,PR511, East,Furniture,Chairs,2,$190.10,0.2,64.76
NM202404439612,2024-04-11,2024-04-16,CU0107,PR521, South,Office Supplies,Storage,5,$224.10,0.1,34.2
NM202404367851,2024-04-06,2024-04-09,CU0003,PR507,EAST,technology,Machines,2,$59.77,0.3,20.07
NM202404485739,2024-04-16,2024-04-22,CU0205,PR510,central,FURNITURE,Chairs,6,"$1,455.84",0,454.98
NM202404365493,2024-04-20,2024-04-20,CU0017,PR517, South,Office Supplies,Binders,1,$88.44,0,40.58
NM202404970568,2024-04-21,2024-04-23,CU0164,PR513,Central,Furniture,Tables,5,$508.08,0.6,-472.07
NM202404603078,2024-04-21,2024-04-27,CU0076,PR505,Central,technology,Accessories,2,$388.48,,163.44
NM202404317913,2024-04-03,2024-04-06,CU0005,PR501,EAST,TECHNOLOGY,Phones,5,"$5,200.30",0,1633.25
NM202404901540,17-Apr-2024,24-Apr-2024,CU0199,PR512,central,Furniture,Tables,2,"$1,115.12",0.2,100.0
NM202404400212,2024-04-27,2024-04-27,CU0165,PR520,west,OFFICE SUPPLIES,Paper,3,$23.76,0.2,8.13
NM202404589941,2024-04-01,2024-04-04,CU0198,PR507,EAST,TECHNOLOGY,Machines,8,$239.06,0.3,80.26
NM202404888868,2024-04-11,2024-04-14,CU0084,PR508,SOUTH,Technology,Machines,8,"$1,835.60",0,889.68
NM202404384007,2024-04-08,2024-04-15,CU0066,PR521,west,office supplies,Storage,6,$298.80,0,70.92
NM202404275048,2024-04-14,2024-04-15,CU0215,PR514,East,FURNITURE,Bookcases,3,$556.44,0.3,76.35
NM202404432833,2024-04-08,2024-04-12,CU0056,PR503, East,Technology,Phones,2,$123.91,0.6,-72.27
NM202404702670,2024-04-11,2024-04-12,CU0051,PR512,South,Furniture,Tables,2,"$1,184.82",0.15,169.7
NM202404929869,2024-04-18,2024-04-23,CU0050,PR508,West,technology,Machines,3,$550.68,0.2,195.96
NM202404186330,2024-04-20,2024-04-27,CU0038,PR508, South,Technology,Machines,5,"$1,147.25",0,556.05
NM202404561049,2024-04-13,2024-04-13,CU0054,PR505,South,Technology,Accessories,8,"$1,553.92",0,653.76
NM202404869775,2024-04-05,2024-04-11,CU0180,PR503,central,Technology,Phones,1,$131.66,0.15,33.57
NM202404639106,2024-04-11,2024-04-13,CU0014,PR521,South ,office supplies,Storage,8,$398.40,0,94.56
NM202404364955,2024-04-17,2024-04-24,CU0128,PR517,EAST,Office Supplies,Binders,8,$636.77,0.1,253.89
NM202404401022,2024-04-23,2024-04-25,CU0100,PR502,central,TECHNOLOGY,Phones,6,"$1,712.88",0.1,738.24
NM202404371410,2024-04-17,2024-04-23,CU0073,PR524,west,Office Supplies,Art,3,$228.18,0.1,
NM202404408204,2024-04-03,2024-04-04,CU0118,PR504, South,Technology,Accessories,5,"$3,639.60",0,1506.65
NM202404109357,06-Apr-2024,12-Apr-2024,CU0099,PR513,East,furniture,Tables,3,$762.12,0,174.03
NM202404265248,2024-04-14,2024-04-20,CU0159,PR524, Central,office supplies,Art,8,$540.86,0.2,13.34
NM202404937878,2024-04-08,2024-04-09,CU0119,PR524,west,OFFICE SUPPLIES,Art,5,$380.30,0.1,50.6
NM202404613206,2024-04-20,2024-04-21,CU0087,PR503,South ,Technology,Phones,8,"$1,053.25",0.15,268.53
NM202404321267,2024-04-04,2024-04-08,CU0082,PR509,East,TECHNOLOGY,Machines,1,$529.98,0.2,193.77
NM202404594282,2024-04-01,2024-04-02,CU0218,PR506,east,Technology,Accessories,1,$555.73,0.15,
NM202404619148,2024-04-23,2024-04-30,CU0004,PR508,South ,Technology,Machines,2,$458.90,0,222.42
NM202404115112,2024-04-19,2024-04-19,CU0021,PR524,South ,OFFICE SUPPLIES,Art,4,$338.04,,74.28
NM202404524119,2024-04-13,2024-04-16,CU0024,PR516,East ,Office Supplies,Binders,6,$46.27,0.2,16.99
NM202404460168,"Apr 20, 2024","Apr 20, 2024",CU0183,PR523, Central,office supplies,Art,7,$357.21,,86.66
NM202404723232,2024-04-27,2024-04-29,CU0115,PR508,east,TECHNOLOGY,Machines,2,$321.23,0.3,84.75
NM202404704912,2024-04-30,2024-05-01,CU0017,PR504,SOUTH,technology,Accessories,3,"$2,183.76",0,
NM202404772937,2024-04-06,2024-04-06,CU0068,PR513,west,Furniture,Tables,8,"$2,032.32",0,464.08
NM202404780553,2024-04-05,2024-04-09,CU0143,PR501,SOUTH,Technology,Phones,1,"$1,040.06",0,326.65
NM202404317590,2024-04-28,2024-05-05,CU0189,PR508,EAST,Technology,Machines,4,$917.80,0,444.84
NM202404984245,2024-04-24,2024-04-30,CU0215,PR517,east,Office Supplies,Binders,4,$300.70,0.15,109.26
NM202404658106,2024-04-20,2024-04-21,CU0026,PR502,south,Technology,Phones,1,$222.04,0.3,59.6
NM202404771757,2024-04-22,2024-04-29,CU0047,PR501, East,Technology,Phones,5,"$4,680.27",0.1,1113.22
NM202404864489,2024-04-14,2024-04-19,CU0170,PR519, South,OFFICE SUPPLIES,Paper,5,$45.04,0.2,9.09
NM202404180952,2024-04-29,2024-05-05,CU0085,PR517,WEST,office supplies,Binders,2,$176.88,0,81.16
NM202404925185,2024-04-12,2024-04-15,CU0133,PR502,WEST,Technology,Phones,8,"$2,283.84",0.1,984.32
NM202404243316,2024-04-29,2024-05-04,CU0060,PR517,South,Office Supplies,Binders,4,$353.76,0,162.32
NM202404764495,2024-04-10,2024-04-10,CU0070,PR502,central,technology,Phones,6,"$1,903.20",0,928.56
NM202404685296,2024-04-25,2024-04-26,CU0135,PR515, East,furniture,Bookcases,8,"$4,120.63",0.1,1586.39
NM202404817250,2024-04-04,2024-04-07,CU0083,PR517,central,OFFICE SUPPLIES,Binders,6,$530.64,0,243.48
NM202404941973,2024-04-13,2024-04-18,CU0062,PR511,central,Furniture,Chairs,8,$950.48,0,449.12
NM202404975641,2024-04-17,2024-04-21,CU0206,PR510,east,FURNITURE,Chairs,3,$727.92,0,227.49
NM202404335636,2024-04-13,2024-04-17,CU0187,PR508, East,Technology,Machines,6,"$1,170.19",0.15,460.75
NM202404410368,2024-04-28,2024-05-04,CU0078,PR523,south,Office Supplies,Art,1,$30.62,0.4,-8.03
NM202404326733,2024-04-19,2024-04-20,CU0126,PR517,south,OFFICE SUPPLIES,Binders,3,$238.79,0.1,95.21
NM202404228587,2024-04-08,2024-04-10,CU0147,PR516, West,Office Supplies,Binders,3,$28.92,,14.28
NM202404814952,2024-04-07,2024-04-08,CU0063,PR519,CENTRAL,OFFICE SUPPLIES,Paper,4,$31.53,0.3,2.77
NM202404569065,2024-04-14,2024-04-16,CU0136,PR508,Central ,Technology,Machines,6,$963.69,0.3,254.25
NM202404848812,2024-04-24,2024-04-30,CU0063,PR509, Central,TECHNOLOGY,Machines,5,"$2,649.88",0.2,968.83
NM202404448552,2024-04-22,2024-04-24,CU0156,PR504,east,technology,Accessories,1,$655.13,0.1,228.54
NM202404829607,2024-04-07,2024-04-13,CU0209,PR506,Central ,TECHNOLOGY,Accessories,1,$457.66,0.3,129.38
NM202404227082,"Apr 24, 2024","Apr 30, 2024",CU0194,PR505,west,Technology,Accessories,2,$388.48,0,163.44
NM202404888131,"Apr 21, 2024","Apr 23, 2024",CU0051,PR510,SOUTH,Furniture,Chairs,2,$485.28,0,151.66
NM202404236746,2024-04-18,2024-04-21,CU0157,PR509,SOUTH,Technology,Machines,6,"$3,577.34",0.1,1560.08
NM202404907619,2024-04-13,2024-04-20,CU0125,PR520,east,OFFICE SUPPLIES,Paper,3,$29.70,0,14.07
NM202404772289,2024-04-27,2024-04-29,CU0109,PR509,central,TECHNOLOGY,Machines,5,"$3,312.35",0,1631.3
NM202404713635,2024-04-16,2024-04-18,CU0156,PR505,EAST,TECHNOLOGY,Accessories,6,"$1,048.90",0.1,373.78
NM202404724002,2024-04-19,2024-04-25,CU0024,PR501, East,Technology,Phones,4,"$1,664.10",0.6,-1189.54
NM202404851047,2024-04-07,2024-04-11,CU0063,PR515, Central,furniture,Bookcases,8,"$4,578.48",0,2044.24
NM202404540204,"Apr 29, 2024","May 05, 2024",CU0176,PR518,East ,Office Supplies,Paper,7,$402.52,0.15,164.52
NM202404715887,"Apr 23, 2024","Apr 23, 2024",CU0150,PR521,South,Office Supplies,Storage,4,$139.44,0.3,-12.48
NM202404485775,2024-04-07,2024-04-12,CU0237,PR513, West,furniture,Tables,6,"$1,524.24",0,348.06
NM202404763072,2024-04-16,2024-04-22,CU0179,PR509,south,Technology,Machines,1,$563.10,0.15,226.89
NM202404779548,2024-04-15,2024-04-21,CU0131,PR517,Central,Office Supplies,Binders,3,$225.52,0.15,81.94
NM202404480657,2024-04-10,2024-04-15,CU0030,PR502,West ,Technology,Phones,6,"$1,332.24",0.3,357.6
NM202404285504,2024-04-21,2024-04-22,CU0001,PR522, South,OFFICE SUPPLIES,Storage,1,$25.01,0.4,2.99
NM202404706306,2024-04-28,2024-05-04,CU0053,PR504,East,Technology,Accessories,7,"$4,585.90",0.1,1599.77
NM202404725415,2024-04-25,2024-04-27,CU0085,PR523,West ,office supplies,Art,1,$40.82,0.2,2.17
NM202404923218,2024-04-29,2024-05-02,CU0068,PR503,WEST,technology,Phones,7,$975.81,0.1,289.18
NM202404319339,2024-04-04,2024-04-07,CU0098,PR505,central,Technology,Accessories,4,$776.96,0,326.88
NM202404650587,2024-04-11,2024-04-13,CU0016,PR517,east,Office Supplies,Binders,1,$79.60,0.1,31.74
NM202404425835,2024-04-16,2024-04-16,CU0113,PR511,south,furniture,Chairs,1,$118.81,0,56.14
NM202404996278,2024-04-22,2024-04-24,CU0128,PR501, East,Technology,Phones,3,"$2,496.14",,355.91
NM202404379586,2024-04-09,2024-04-13,CU0077,PR521,south,Office Supplies,Storage,7,$313.74,0.1,47.88
NM202404930652,2024-04-13,2024-04-19,CU0099,PR510,east,Furniture,Chairs,3,$655.13,0.1,154.7
NM202404622318,2024-04-13,2024-04-14,CU0179,PR509,South ,technology,Machines,7,"$4,637.29",0,
NM202404121126,2024-04-22,2024-04-27,CU0096,PR508,east,Technology,Machines,2,$413.01,0.1,176.53
NM202404648734,2024-04-06,2024-04-13,CU0149,PR520,west,Office Supplies,Paper,5,$39.60,0.2,13.55
NM202404649076,"Apr 15, 2024","Apr 19, 2024",CU0059,PR524,South ,OFFICE SUPPLIES,Art,8,$676.08,0,148.56
NM202404337007,2024-04-08,2024-04-12,CU0118,PR509, South,Technology,Machines,7,"$4,637.29",0,2283.82
NM202404599871,2024-04-08,2024-04-08,CU0011,PR524,WEST,Office Supplies,Art,1,$67.61,0.2,1.67
NM202404370749,2024-04-26,2024-04-29,CU0188,PR513,South,Furniture,Tables,6,"$1,524.24",0,348.06
NM202404227925,2024-04-20,2024-04-22,CU0148,PR524,south,OFFICE SUPPLIES,Art,1,$59.16,0.3,-6.78
NM202404491678,2024-04-19,2024-04-25,CU0137,PR506,South,technology,Accessories,5,"$2,288.30",0.3,646.9
NM202404539964,2024-04-20,2024-04-27,CU0217,PR515,CENTRAL,furniture,Bookcases,1,$457.85,0.2,141.07
NM202404116845,2024-04-08,2024-04-09,CU0197,PR503,West ,TECHNOLOGY,Phones,6,$557.60,0.4,-30.94
NM202404920505,2024-04-28,2024-04-30,CU0173,PR501, West,technology,Phones,6,"$4,992.29",0.2,711.83
NM202404896701,2024-04-18,2024-04-18,CU0178,PR506,west,Technology,Accessories,8,"$5,230.40",0,2604.16
NM202404581579,2024-04-13,2024-04-20,CU0208,PR514, West,Furniture,Bookcases,3,$635.93,0.2,155.84
NM202404341915,2024-04-17,2024-04-23,CU0030,PR506, West,Technology,Accessories,2,"$1,176.84",0.1,520.28
NM202404120631,2024-04-19,2024-04-23,CU0135,PR523,East,Office Supplies,Art,5,$216.88,0.15,23.63
NM202404663561,2024-04-22,2024-04-29,CU0203,PR522,South ,office supplies,Storage,5,$145.91,0.3,35.81
NM202404116117,2024-04-05,2024-04-11,CU0099,PR509,EAST,Technology,Machines,4,"$2,384.89",0.1,1040.05
NM202404244546,28-Apr-2024,04-May-2024,CU0135,PR510,East ,furniture,Chairs,5,"$1,213.20",0,379.15
NM202404931519,2024-04-24,2024-05-01,CU0111,PR504,EAST,Technology,Accessories,7,"$4,331.12",0.15,1344.99
NM202404682767,2024-04-26,2024-05-02,CU0126,PR519,south,Office Supplies,Paper,8,$90.08,0,32.56
NM202404622857,2024-04-11,2024-04-11,CU0011,PR502,West,TECHNOLOGY,Phones,1,$269.62,0.15,107.18
NM202404328431,2024-04-30,2024-05-07,CU0237,PR509,WEST,Technology,Machines,1,$662.47,0,326.26
NM202404461356,2024-04-05,2024-04-09,CU0237,PR507,West ,technology,Machines,6,$256.14,0,137.04
NM202404295793,2024-04-13,2024-04-13,CU0230,PR524,Central,office supplies,Art,3,$215.50,0.15,17.68
NM202404490202,2024-04-11,2024-04-14,CU0234,PR504,WEST,Technology,Accessories,7,"$4,331.12",0.15,1344.99
NM202404834169,2024-04-12,2024-04-19,CU0155,PR511,SOUTH,Furniture,Chairs,2,$213.86,0.1,88.52
NM202404409791,2024-04-21,2024-04-26,CU0141,PR509,south,technology,Machines,4,"$1,854.92",0.3,510.08
NM202404844896,2024-04-03,2024-04-03,CU0038,PR512,South ,Furniture,Tables,5,"$3,136.28",0.1,598.47
NM202404716208,2024-04-06,2024-04-07,CU0022,PR524,central,Office Supplies,Art,6,$456.35,0.1,60.71
NM202404136941,2024-04-03,2024-04-08,CU0011,PR505,west,Technology,Accessories,4,$466.18,0.4,16.1
NM202404764679,2024-04-20,2024-04-21,CU0172,PR518, Central,Office Supplies,Paper,3,$202.95,0,100.95
NM202404646141,2024-04-19,2024-04-22,CU0099,PR501,East,TECHNOLOGY,Phones,1,$416.02,0.6,-297.39
NM202404599318,2024-04-05,2024-04-10,CU0031,PR524,SOUTH,Office Supplies,Art,5,$422.55,0,92.85
NM202404636944,2024-04-29,2024-05-02,CU0104,PR518,East,Office Supplies,Paper,5,$287.51,0.15,117.51
NM202404700734,2024-04-14,2024-04-15,CU0119,PR513,west,furniture,Tables,3,$304.85,0.6,-283.24
NM202404762392,2024-04-14,2024-04-18,CU0121,PR501,WEST,Technology,Phones,1,$884.05,,170.64
NM202404728167,2024-04-13,2024-04-18,CU0175,PR512,central,FURNITURE,Tables,6,"$2,927.19",0.3,-118.17
NM202404451652,2024-04-18,2024-04-24,CU0090,PR517,South ,Office Supplies,Binders,7,$526.22,0.15,191.2
NM202404716368,2024-04-25,2024-04-30,CU0035,PR522,CENTRAL,Office Supplies,Storage,3,$125.07,0,59.01
NM202404514115,2024-04-02,2024-04-08,CU0149,PR524, West,OFFICE SUPPLIES,Art,8,$540.86,0.2,13.34
NM202404710985,2024-04-15,2024-04-20,CU0209,PR518,Central ,Office Supplies,Paper,7,$189.42,0.6,-48.58
NM202404901061,2024-04-10,2024-04-12,CU0092,PR509,South,TECHNOLOGY,Machines,7,"$4,637.29",0,2283.82
NM202404163287,2024-04-12,2024-04-12,CU0236,PR515,South,Furniture,Bookcases,8,"$1,831.39",0.6,-702.85
NM202404416051,2024-04-26,2024-04-26,CU0066,PR518,West,Office Supplies,Paper,5,$304.43,0.1,134.43
NM202404846520,2024-04-04,2024-04-09,CU0184,PR523,EAST,office supplies,Art,5,$178.60,0.3,-14.65
NM202404954501,"Apr 02, 2024","Apr 04, 2024",CU0005,PR511, East,FURNITURE,Chairs,4,$475.24,,
NM202404815220,2024-04-24,2024-04-25,CU0169,PR505,South,Technology,Accessories,6,$699.26,0.4,24.14
NM202404433975,2024-04-26,2024-05-02,CU0100,PR507,central,Technology,Machines,4,$119.53,0.3,40.13
NM202404233045,2024-04-26,2024-04-28,CU0196,PR523,East,OFFICE SUPPLIES,Art,4,$204.12,0,49.52
NM202404395590,2024-04-29,2024-04-30,CU0053,PR502,EAST,TECHNOLOGY,Phones,8,"$2,156.96",0.15,857.44
NM202404814918,2024-04-01,2024-04-06,CU0208,PR513,West,furniture,Tables,5,$889.14,0.3,-91.01
NM202404473002,2024-04-05,2024-04-12,CU0239,PR512,south,Furniture,Tables,2,$975.73,0.3,-39.39
NM202404731339,2024-04-17,2024-04-20,CU0103,PR506,South,TECHNOLOGY,Accessories,5,"$3,269.00",0,1627.6
NM202404580715,2024-04-13,2024-04-16,CU0087,PR517,South,Office Supplies,Binders,8,$636.77,0.1,253.89
NM202404901117,2024-04-15,2024-04-18,CU0042,PR504,CENTRAL,Technology,Accessories,6,"$4,367.52",0,1807.98
NM202404165802,2024-04-21,2024-04-22,CU0152,PR501,east,TECHNOLOGY,Phones,1,$884.05,0.15,170.64
NM202404583825,2024-04-25,2024-04-28,CU0211,PR506,central,Technology,Accessories,7,"$3,203.62",0.3,905.66
NM202404615321,2024-04-25,2024-05-01,CU0122,PR518,EAST,Office Supplies,Paper,7,$473.55,0,235.55
NM202404193351,2024-04-08,2024-04-10,CU0174,PR520,EAST,office supplies,Paper,7,$48.51,0.3,12.04
NM202404185920,2024-04-19,2024-04-26,CU0123,PR522,central,office supplies,Storage,1,$16.68,0.6,-5.34
NM202404157348,2024-04-27,2024-05-03,CU0036,PR523, Central,OFFICE SUPPLIES,Art,4,$122.47,0.4,-32.13
NM202404839983,2024-04-15,2024-04-18,CU0101,PR502,SOUTH,Technology,Phones,5,"$1,348.10",0.15,535.9
NM202404809599,2024-04-18,2024-04-24,CU0158,PR522,SOUTH,office supplies,Storage,6,$250.14,0,118.02
NM202404410050,2024-04-10,2024-04-11,CU0032,PR522, Central,office supplies,Storage,7,$233.46,0.2,79.32
NM202404173662,2024-04-02,2024-04-02,CU0043,PR508,south,Technology,Machines,2,$458.90,0,222.42
NM202404966776,2024-04-10,2024-04-15,CU0004,PR516,SOUTH,office supplies,Binders,4,$26.99,0.3,7.47
NM202404453568,2024-04-24,2024-04-30,CU0202,PR523,Central ,office supplies,Art,2,$81.65,0.2,4.35
NM202404347677,2024-04-03,2024-04-09,CU0119,PR518,West ,Office Supplies,Paper,4,$270.60,0,134.6
NM202404898471,2024-04-30,2024-05-05,CU0205,PR513, Central,FURNITURE,Tables,8,"$2,032.32",0,464.08
NM202404140098,2024-04-12,2024-04-12,CU0195,PR511,South,Furniture,Chairs,7,$748.50,0.1,309.81
NM202404579730,"Apr 12, 2024","Apr 14, 2024",CU0200,PR509,EAST,TECHNOLOGY,Machines,1,$596.22,0.1,260.01
NM202404341829,2024-04-15,2024-04-18,CU0213,PR512,SOUTH,Furniture,Tables,3,"$1,777.22",0.15,254.54
NM202404443406,2024-04-27,2024-05-03,CU0103,PR509,South ,Technology,Machines,3,"$1,987.41",0,978.78
NM202404269683,2024-04-15,2024-04-16,CU0066,PR510,West,Furniture,Chairs,8,"$1,649.95",0.15,315.47
NM202404946003,2024-04-03,2024-04-05,CU0154,PR502,SOUTH,technology,Phones,5,"$1,427.40",0.1,615.2
NM202404131977,2024-04-10,2024-04-12,CU0075,PR504,west,TECHNOLOGY,Accessories,7,"$4,585.90",0.1,1599.77
NM202404332473,2024-04-09,2024-04-10,CU0068,PR503,West ,Technology,Phones,2,$247.82,0.2,51.64
NM202404291061,2024-04-25,2024-04-27,CU0032,PR515, Central,Furniture,Bookcases,3,"$1,545.24",0.1,594.9
NM202404865026,2024-04-11,2024-04-18,CU0124,PR504,East,TECHNOLOGY,Accessories,1,$655.13,0.1,228.54
NM202404155977,2024-04-12,2024-04-15,CU0117,PR503,south,Technology,Phones,5,$774.45,0,284.0
NM202404247528,2024-04-05,2024-04-11,CU0139,PR524,west,OFFICE SUPPLIES,Art,7,$591.57,0,129.99
NM202404706857,2024-04-19,2024-04-20,CU0019,PR520, East,Office Supplies,Paper,2,$15.84,0.2,5.42
NM202404484618,2024-04-27,2024-05-02,CU0129,PR508,South ,technology,Machines,2,$321.23,0.3,84.75
NM202404651685,2024-04-12,2024-04-14,CU0006,PR523,South ,Office Supplies,Art,5,$204.12,0.2,10.87
NM202404919263,2024-04-28,2024-05-04,CU0227,PR511, West,Furniture,Chairs,1,$118.81,0,56.14
NM202404818792,"Apr 04, 2024","Apr 08, 2024",CU0037,PR508,WEST,Technology,Machines,6,$826.02,0.4,116.58
NM202404504854,2024-04-12,2024-04-13,CU0091,PR513,west,Furniture,Tables,4,"$1,016.16",0,232.04
NM202404586795,2024-04-13,2024-04-13,CU0162,PR504,South ,Technology,Accessories,3,"$1,965.38",0.1,
NM202404876844,2024-04-12,2024-04-13,CU0041,PR507,south,technology,Machines,3,$89.65,0.3,30.1
NM202404947351,2024-04-15,2024-04-15,CU0234,PR505,west,Technology,Accessories,4,$660.42,0.15,210.34
NM202404652723,17-Apr-2024,17-Apr-2024,CU0104,PR514,east,furniture,Bookcases,6,"$1,430.84",0.1,470.66
NM202404549118,2024-04-07,2024-04-07,CU0092,PR517, South,Office Supplies,Binders,6,$424.51,0.2,137.35
NM202404461193,2024-04-21,2024-04-26,CU0092,PR520, South,OFFICE SUPPLIES,Paper,2,$16.83,0.15,6.41
NM202404768358,2024-04-24,2024-04-30,CU0026,PR513, South,Furniture,Tables,1,$101.62,0.6,-94.41
NM202404318152,2024-04-01,2024-04-05,CU0084,PR506, South,technology,Accessories,3,"$1,961.40",0,976.56
NM202404735973,2024-04-15,2024-04-15,CU0239,PR519,South,Office Supplies,Paper,8,$90.08,0,32.56
NM202404357358,2024-04-09,2024-04-13,CU0152,PR502,east,TECHNOLOGY,Phones,8,"$2,537.60",,1238.08
NM202404236804,2024-04-02,2024-04-04,CU0102,PR521,WEST,Office Supplies,Storage,4,$199.20,0,47.28
NM202404976351,"Apr 24, 2024","Apr 24, 2024",CU0037,PR510,west,furniture,Chairs,1,$169.85,0.3,3.04
NM202404808224,2024-04-22,2024-04-29,CU0132,PR517,Central ,office supplies,Binders,7,$247.63,0.6,-87.39
NM202404794218,2024-04-20,2024-04-25,CU0143,PR503,SOUTH,Technology,Phones,4,$495.65,0.2,103.29
NM202404711515,2024-04-09,2024-04-10,CU0234,PR511,West,FURNITURE,Chairs,8,$570.29,0.4,68.93
NM202404610269,2024-04-21,2024-04-25,CU0042,PR502,central,TECHNOLOGY,Phones,8,"$2,156.96",0.15,857.44
NM202404887566,2024-04-10,2024-04-17,CU0152,PR515, East,Furniture,Bookcases,4,"$1,831.39",0.2,564.27
NM202404243472,2024-04-09,2024-04-16,CU0054,PR523,South,Office Supplies,Art,5,$255.15,0,61.9
NM202404459077,2024-04-02,2024-04-02,CU0103,PR502,SOUTH,Technology,Phones,6,"$1,522.56",0.2,547.92
NM202404782020,2024-04-22,2024-04-29,CU0025,PR521,west,Office Supplies,Storage,5,$224.10,0.1,34.2
NM202404479191,2024-04-19,2024-04-21,CU0176,PR515, East,Furniture,Bookcases,2,"$1,144.62",0,511.06
NM202404535619,2024-04-12,2024-04-15,CU0055,PR521,west,Office Supplies,Storage,3,$149.40,0,35.46
NM202404570738,2024-04-20,2024-04-25,CU0194,PR516,West,Office Supplies,Binders,5,$40.97,0.15,16.57
NM202404814359,2024-04-16,2024-04-17,CU0076,PR522,Central,Office Supplies,Storage,3,$112.56,0.1,46.5
NM202404885562,27-Apr-2024,04-May-2024,CU0236,PR523,south,Office Supplies,Art,6,$306.18,0,74.28
NM202404929913,2024-04-28,2024-04-28,CU0138,PR514,South,Furniture,Bookcases,3,$794.91,0,314.82
NM202404619559,2024-04-12,2024-04-14,CU0083,PR515,Central ,FURNITURE,Bookcases,3,"$1,201.85",0.3,251.51
NM202404267479,2024-04-10,2024-04-17,CU0055,PR522,WEST,office supplies,Storage,8,$200.11,0.4,23.95
NM202404373813,2024-04-01,2024-04-03,CU0028,PR503,East,Technology,Phones,5,$774.45,0,284.0
NM202404978067,2024-04-02,2024-04-07,CU0081,PR509,East ,TECHNOLOGY,Machines,6,"$3,974.82",0,1957.56
NM202404450132,2024-04-19,2024-04-19,CU0217,PR501,CENTRAL,Technology,Phones,7,"$7,280.42",0,2286.55
NM202404946589,"Apr 06, 2024","Apr 06, 2024",CU0055,PR505,West ,technology,Accessories,7,"$1,359.68",0,572.04
NM202404463323,2024-04-06,2024-04-13,CU0066,PR515,west,furniture,Bookcases,3,"$1,545.24",0.1,594.9
NM202404429496,2024-04-14,2024-04-17,CU0153,PR512,South,Furniture,Tables,2,"$1,393.90",0,378.78
NM202404957001,"Apr 05, 2024","Apr 07, 2024",CU0161,PR506,central,TECHNOLOGY,Accessories,8,"$4,184.32",0.2,1558.08
NM202404387937,2024-04-03,2024-04-08,CU0231,PR501,West ,Technology,Phones,3,"$2,652.15",0.15,511.92
NM202404522629,19-Apr-2024,23-Apr-2024,CU0213,PR510,South ,furniture,Chairs,1,$242.64,0,75.83
NM202404273199,2024-04-10,2024-04-14,CU0109,PR512,central,furniture,Tables,1,$592.41,0.15,84.85
NM202404907016,2024-04-03,2024-04-07,CU0139,PR502,West,Technology,Phones,6,"$1,903.20",0,928.56
NM202404646202,2024-04-12,2024-04-12,CU0190,PR512, East,Furniture,Tables,8,"$3,902.92",0.3,-157.56
NM202404474803,2024-04-06,2024-04-07,CU0116,PR502,East ,Technology,Phones,2,$634.40,0,309.52
NM202404661641,2024-04-01,2024-04-02,CU0189,PR511,East ,Furniture,Chairs,4,$475.24,0,
NM202404817749,"Apr 15, 2024","Apr 19, 2024",CU0021,PR515,South ,furniture,Bookcases,5,"$2,861.55",0,1277.65
NM202404415181,2024-04-11,2024-04-18,CU0117,PR519,south,OFFICE SUPPLIES,Paper,1,$11.26,0,4.07
NM202404902224,2024-04-17,2024-04-24,CU0213,PR506,south,Technology,Accessories,4,"$2,615.20",0,1302.08
NM202404123984,"Apr 15, 2024","Apr 21, 2024",CU0052,PR514, East,Furniture,Bookcases,7,"$1,669.31",0.1,549.1
NM202404479240,29-Apr-2024,29-Apr-2024,CU0207,PR502,CENTRAL,Technology,Phones,2,$634.40,0,309.52
NM202404729293,2024-04-07,2024-04-13,CU0040,PR524,west,OFFICE SUPPLIES,Art,2,$101.41,0.4,-30.47
NM202404143550,2024-04-28,2024-04-28,CU0014,PR514,South ,Furniture,Bookcases,5,"$1,324.85",0,524.7
NM202404525390,2024-04-07,2024-04-09,CU0034,PR520,East,OFFICE SUPPLIES,Paper,1,$7.92,0.2,2.71
NM202404790968,2024-04-17,2024-04-18,CU0188,PR521, South,Office Supplies,Storage,4,$179.28,0.1,27.36
NM202404704126,2024-04-23,2024-04-30,CU0076,PR523,central,Office Supplies,Art,6,$306.18,,74.28
NM202404489298,2024-04-10,2024-04-11,CU0125,PR503, East,Technology,Phones,6,$929.34,0,340.8
NM202404817583,2024-04-22,2024-04-25,CU0228,PR508, West,technology,Machines,7,"$1,365.23",0.15,537.55
NM202404239973,2024-04-01,2024-04-02,CU0036,PR521,central,OFFICE SUPPLIES,Storage,3,$149.40,0,35.46
NM202404678739,2024-04-21,2024-04-23,CU0085,PR522,West ,Office Supplies,Storage,5,$208.45,0,98.35
NM202404889116,2024-04-10,2024-04-13,CU0206,PR520,East,office supplies,Paper,3,$26.73,0.1,11.1
NM202404557714,2024-04-12,2024-04-17,CU0018,PR517,south,Office Supplies,Binders,7,$433.36,0.3,98.34
NM202404913944,2024-04-04,2024-04-04,CU0224,PR522,EAST,OFFICE SUPPLIES,Storage,3,$75.04,0.4,8.98
NM202404280268,2024-04-03,2024-04-09,CU0207,PR502, Central,Technology,Phones,7,"$1,887.34",0.15,750.26
NM202404560316,2024-04-04,2024-04-11,CU0174,PR518, East,office supplies,Paper,1,$54.12,0.2,20.12
NM202404218524,2024-04-16,2024-04-16,CU0113,PR521,South ,Office Supplies,Storage,1,$34.86,0.3,-3.12
NM202404126964,2024-04-11,2024-04-15,CU0238,PR505,CENTRAL,TECHNOLOGY,Accessories,6,$932.35,0.2,257.23
NM202404970161,2024-04-17,2024-04-23,CU0228,PR513,WEST,furniture,Tables,4,"$1,016.16",0,232.04
NM202404422912,2024-04-23,2024-04-30,CU0010,PR509,East,Technology,Machines,1,$397.48,0.4,61.27
NM202404136750,2024-04-24,2024-04-24,CU0053,PR520,East ,Office Supplies,Paper,2,$11.88,0.4,1.46
NM202404910466,01-Apr-2024,06-Apr-2024,CU0054,PR514,South ,Furniture,Bookcases,6,"$1,351.35",0.15,
NM202404767388,2024-04-21,2024-04-25,CU0226,PR510,East,furniture,Chairs,1,$242.64,0,75.83
NM202404784011,2024-04-27,2024-04-27,CU0073,PR516,WEST,OFFICE SUPPLIES,Binders,3,$26.03,0.1,11.39
NM202404494012,2024-04-25,2024-04-30,CU0076,PR512, Central,furniture,Tables,5,"$2,787.80",0.2,250.0
NM202404183048,2024-04-24,2024-04-29,CU0119,PR504,West ,Technology,Accessories,7,"$5,095.44",0,2109.31
NM202404782997,2024-04-23,2024-04-28,CU0225,PR524,WEST,Office Supplies,Art,3,$253.53,0,
NM202404878259,2024-04-09,2024-04-13,CU0027,PR508,EAST,TECHNOLOGY,Machines,6,"$1,170.19",0.15,460.75
NM202404415525,2024-04-22,2024-04-24,CU0109,PR513,Central ,FURNITURE,Tables,4,"$1,016.16",0,232.04
NM202404613706,2024-04-02,2024-04-05,CU0045,PR518,South ,OFFICE SUPPLIES,Paper,4,$230.01,0.15,94.01
NM202404137371,2024-04-02,2024-04-07,CU0233,PR518,east,OFFICE SUPPLIES,Paper,7,$378.84,0.2,140.84
NM202404335168,2024-04-25,2024-05-01,CU0176,PR520,EAST,Office Supplies,Paper,7,$69.30,0,32.83
NM202404806216,2024-04-08,2024-04-10,CU0025,PR516,WEST,Office Supplies,Binders,8,$65.55,0.15,26.51
NM202404789491,2024-04-01,2024-04-01,CU0222,PR523,West,Office Supplies,Art,3,$107.16,0.3,-8.79
NM202404921809,"Apr 09, 2024","Apr 16, 2024",CU0183,PR515,central,FURNITURE,Bookcases,5,"$2,003.08",0.3,419.18
NM202404902142,2024-04-12,2024-04-14,CU0212,PR512,East ,furniture,Tables,5,"$3,484.75",,946.95
NM202404652706,2024-04-02,2024-04-06,CU0024,PR523, East,Office Supplies,Art,7,$357.21,0,86.66
NM202404852754,2024-04-24,2024-04-30,CU0201,PR501,South,Technology,Phones,1,$624.04,0.4,-89.37
NM202404343666,2024-04-10,2024-04-10,CU0054,PR511, South,FURNITURE,Chairs,6,$641.57,0.1,265.55
NM202404504018,2024-04-24,2024-04-27,CU0033,PR501,South ,Technology,Phones,3,"$2,652.15",0.15,511.92
NM202404101408,2024-04-30,2024-05-02,CU0031,PR502,South ,Technology,Phones,5,"$1,586.00",0,773.8
NM202404410431,2024-04-27,2024-04-30,CU0165,PR506, West,TECHNOLOGY,Accessories,4,"$2,615.20",0,1302.08
NM202404619319,2024-04-15,2024-04-20,CU0141,PR517,South,office supplies,Binders,6,$530.64,0,243.48
NM202404659377,2024-04-14,2024-04-19,CU0237,PR505, West,Technology,Accessories,5,$776.96,0.2,214.36
NM202404700957,2024-04-13,2024-04-13,CU0139,PR523,West,office supplies,Art,3,$137.78,0.1,21.83
NM202404545375,2024-04-11,2024-04-18,CU0149,PR506,West ,Technology,Accessories,5,"$2,942.10",0.1,1300.7
NM202404406235,2024-04-18,2024-04-18,CU0077,PR508,south,technology,Machines,7,"$1,445.53",0.1,617.85
NM202404344475,2024-04-13,2024-04-15,CU0178,PR516,west,Office Supplies,Binders,2,$15.42,0.2,5.66
NM202404514783,2024-04-24,2024-04-28,CU0032,PR509,Central,Technology,Machines,6,"$3,974.82",0,1957.56
NM202404673366,2024-04-06,2024-04-08,CU0065,PR517,SOUTH,Office Supplies,Binders,6,$530.64,,243.48
NM202404579596,20-Apr-2024,23-Apr-2024,CU0211,PR502,CENTRAL,Technology,Phones,1,$253.76,0.2,91.32
NM202404885340,2024-04-13,2024-04-18,CU0195,PR524,south,OFFICE SUPPLIES,Art,1,$76.06,0.1,10.12
NM202404602563,2024-04-02,2024-04-06,CU0049,PR523,central,OFFICE SUPPLIES,Art,7,$357.21,0,86.66
NM202404821226,2024-04-15,2024-04-21,CU0073,PR501,West ,technology,Phones,6,"$6,240.36",0,1959.9
NM202404259194,09-Apr-2024,13-Apr-2024,CU0087,PR524,South,Office Supplies,Art,4,$338.04,0,74.28
NM202404112178,2024-04-27,2024-05-04,CU0091,PR505, West,Technology,Accessories,3,$495.31,0.15,157.75
NM202404928978,2024-04-23,2024-04-23,CU0223,PR501,central,TECHNOLOGY,Phones,2,"$1,664.10",0.2,237.28
NM202404782062,2024-04-14,2024-04-21,CU0154,PR511, South,Furniture,Chairs,5,$594.05,0,280.7
NM202404959263,2024-04-23,2024-04-26,CU0111,PR515,east,furniture,Bookcases,5,"$2,289.24",0.2,705.34
NM202404568095,"Apr 19, 2024","Apr 26, 2024",CU0182,PR514,East,Furniture,Bookcases,1,$264.97,0,104.94
NM202404775036,2024-04-25,2024-04-26,CU0164,PR520,Central,Office Supplies,Paper,4,$31.68,0.2,10.84
NM202404646746,2024-04-11,2024-04-16,CU0240,PR524,East,Office Supplies,Art,4,$287.33,0.15,23.57
NM202404756193,2024-04-09,2024-04-12,CU0126,PR522,south,Office Supplies,Storage,7,$248.06,0.15,93.92
NM202404566267,2024-04-27,2024-05-04,CU0175,PR504,CENTRAL,Technology,Accessories,3,"$1,747.01",0.2,467.24
NM202404871083,2024-04-29,2024-05-04,CU0039,PR501,east,TECHNOLOGY,Phones,7,"$7,280.42",0,2286.55
NM202404851846,2024-04-22,2024-04-28,CU0235,PR520,East,Office Supplies,Paper,3,$17.82,0.4,2.19
NM202404969628,2024-04-03,2024-04-06,CU0060,PR511,south,furniture,Chairs,6,$712.86,0,336.84
NM202404605795,2024-04-16,2024-04-22,CU0120,PR515,EAST,FURNITURE,Bookcases,6,"$1,373.54",0.6,-527.14
NM202404580789,2024-04-02,2024-04-06,CU0036,PR509,central,Technology,Machines,2,"$1,059.95",0.2,387.53
NM202404149019,2024-04-27,2024-05-03,CU0169,PR519, South,Office Supplies,Paper,5,$56.30,0,20.35
NM202404255168,2024-04-21,2024-04-21,CU0041,PR516,SOUTH,OFFICE SUPPLIES,Binders,4,$38.56,0,19.04
NM202404709408,2024-04-21,2024-04-27,CU0072,PR517,SOUTH,office supplies,Binders,7,$619.08,0,284.06
NM202404729352,2024-04-26,2024-04-30,CU0166,PR519,Central,OFFICE SUPPLIES,Paper,7,$70.94,0.1,20.61
NM202404331149,2024-04-13,2024-04-20,CU0167,PR513,south,FURNITURE,Tables,1,$254.04,0,58.01
NM202404162796,2024-04-17,2024-04-21,CU0179,PR518,South ,OFFICE SUPPLIES,Paper,5,$304.43,0.1,134.43
NM202404217499,2024-04-04,2024-04-10,CU0219,PR520, West,Office Supplies,Paper,1,$8.42,0.15,3.21
NM202404525242,2024-04-26,2024-04-28,CU0033,PR513,SOUTH,Furniture,Tables,8,"$1,625.86",0.2,57.62
NM202404100730,2024-04-24,2024-04-30,CU0038,PR513,South,furniture,Tables,2,$203.23,0.6,-188.83
NM202404406477,23-Apr-2024,25-Apr-2024,CU0201,PR522, South,office supplies,Storage,3,$87.55,0.3,21.49
NM202404152268,"Apr 25, 2024","Apr 27, 2024",CU0049,PR522,Central,office supplies,Storage,1,$33.35,0.2,11.33
NM202404335031,2024-04-02,2024-04-07,CU0070,PR507, Central,technology,Machines,8,$341.52,0,182.72
NM202404838246,2024-04-17,2024-04-24,CU0159,PR524,Central ,office supplies,Art,8,$574.67,0.15,47.15
NM202404864087,2024-04-16,2024-04-17,CU0040,PR503,west,Technology,Phones,2,$263.31,0.15,67.13
NM202404729735,2024-04-29,2024-05-03,CU0024,PR508,east,technology,Machines,7,"$1,606.15",0,778.47
NM202404880959,2024-04-27,2024-05-04,CU0036,PR511,Central ,FURNITURE,Chairs,7,$499.00,0.4,60.31
NM202404464789,2024-04-30,2024-05-02,CU0086,PR503, East,Technology,Phones,4,$526.63,0.15,134.27
NM202404424221,2024-04-11,2024-04-14,CU0203,PR507,South ,Technology,Machines,5,$192.10,0.1,92.85
NM202404981409,2024-04-22,2024-04-22,CU0199,PR506,Central,Technology,Accessories,7,"$4,118.94",0.1,1820.98
NM202404452566,2024-04-12,2024-04-17,CU0125,PR517,East,office supplies,Binders,1,$88.44,0,40.58
NM202404239973,2024-04-01,2024-04-02,CU0036,PR521,central,OFFICE SUPPLIES,Storage,3,$149.40,0,35.46
NM202404455171,2024-04-23,2024-04-29,CU0063,PR507,central,Technology,Machines,2,$85.38,0,45.68
NM202404470185,2024-04-17,2024-04-17,CU0192,PR511,Central ,furniture,Chairs,8,$570.29,0.4,68.93
NM202404105118,2024-04-15,2024-04-20,CU0207,PR522,Central ,Office Supplies,Storage,6,$212.62,0.15,80.5
NM202404298759,"Apr 03, 2024","Apr 06, 2024",CU0220,PR523,Central,Office Supplies,Art,2,$81.65,0.2,4.35
NM202404786461,2024-04-13,2024-04-13,CU0196,PR512, East,FURNITURE,Tables,4,"$2,787.80",0,757.56
NM202404420496,2024-04-14,2024-04-16,CU0090,PR501,South ,technology,Phones,2,"$1,768.10",0.15,341.28
NM202404443208,18-Apr-2024,20-Apr-2024,CU0131,PR522,CENTRAL,Office Supplies,Storage,5,$208.45,0,98.35
NM202404554205,"Apr 20, 2024","Apr 20, 2024",CU0240,PR514,east,FURNITURE,Bookcases,1,$264.97,0,104.94
NM202404797705,2024-04-20,2024-04-21,CU0188,PR520,SOUTH,office supplies,Paper,1,$6.93,0.3,1.72
NM202404355513,2024-04-19,2024-04-25,CU0027,PR515,east,furniture,Bookcases,1,$457.85,0.2,141.07
NM202404656931,2024-04-17,2024-04-17,CU0062,PR504,Central,Technology,Accessories,7,"$4,585.90",0.1,1599.77
NM202404503943,2024-04-01,2024-04-03,CU0119,PR511,West ,Furniture,Chairs,2,$190.10,0.2,64.76
NM202404984603,04-Apr-2024,09-Apr-2024,CU0061,PR507, West,Technology,Machines,6,$153.68,0.4,34.58
NM202404946160,2024-04-21,2024-04-22,CU0185,PR505,East ,Technology,Accessories,4,$776.96,0,326.88
NM202404267510,2024-04-02,2024-04-02,CU0097,PR505,central,Technology,Accessories,7,"$1,087.74",0.2,300.1
NM202404731486,2024-04-14,2024-04-18,CU0129,PR515,South ,furniture,Bookcases,6,"$2,403.70",0.3,503.02
NM202404309480,2024-04-13,2024-04-13,CU0019,PR522,East ,OFFICE SUPPLIES,Storage,4,$133.41,0.2,45.33
NM202404593411,2024-04-26,2024-04-29,CU0110,PR508,WEST,Technology,Machines,7,"$1,606.15",0,778.47
NM202404848914,2024-04-29,2024-04-29,CU0240,PR504,east,technology,Accessories,8,"$4,949.86",0.15,1537.14
NM202404528073,2024-04-09,2024-04-13,CU0146,PR507,East ,TECHNOLOGY,Machines,8,$204.91,0.4,46.11
NM202404556631,2024-04-01,2024-04-03,CU0023,PR522,central,Office Supplies,Storage,5,$208.45,0,98.35
NM202404581380,2024-04-03,2024-04-05,CU0019,PR512,EAST,furniture,Tables,3,"$2,090.85",0,568.17
NM202404392134,"Apr 24, 2024","Apr 27, 2024",CU0013,PR508, Central,technology,Machines,7,"$1,365.23",0.15,537.55
NM202404967016,2024-04-15,2024-04-19,CU0129,PR501, South,Technology,Phones,3,"$3,120.18",0,979.95
NM202404454150,2024-04-24,2024-04-24,CU0086,PR504,EAST,Technology,Accessories,4,"$2,329.34",0.2,622.98
NM202404137480,2024-04-20,2024-04-25,CU0239,PR508,SOUTH,TECHNOLOGY,Machines,5,$803.07,0.3,
NM202404313709,2024-04-25,2024-04-26,CU0213,PR503,South ,TECHNOLOGY,Phones,6,$929.34,0,340.8
NM202404515343,2024-04-26,2024-04-26,CU0028,PR520, East,Office Supplies,Paper,2,$16.83,0.15,6.41
NM202404885448,2024-04-14,2024-04-14,CU0034,PR512,EAST,FURNITURE,Tables,1,$278.78,0.6,-228.78
NM202404955138,2024-04-01,2024-04-07,CU0015,PR512,East ,Furniture,Tables,3,"$2,090.85",0,568.17
NM202404297242,2024-04-05,2024-04-06,CU0036,PR501,Central ,Technology,Phones,4,"$2,912.17",0.3,58.53
NM202404152510,2024-04-24,2024-04-29,CU0228,PR519,West,OFFICE SUPPLIES,Paper,4,$38.28,0.15,9.52
NM202404435589,2024-04-23,2024-04-24,CU0106,PR501,central,Technology,Phones,7,"$4,368.25",0.4,-625.62
NM202404266435,2024-04-14,2024-04-21,CU0031,PR521,South,Office Supplies,Storage,3,$119.52,0.2,5.58
NM202404989803,2024-04-15,2024-04-20,CU0194,PR513,west,Furniture,Tables,1,$254.04,0,58.01
NM202404367479,2024-04-12,2024-04-15,CU0059,PR507,SOUTH,technology,Machines,5,$192.10,0.1,92.85
NM202404426145,2024-04-08,2024-04-13,CU0132,PR513,Central ,Furniture,Tables,3,$685.91,0.1,97.82
NM202404141377,2024-04-17,2024-04-19,CU0229,PR520,central,Office Supplies,Paper,1,$8.42,0.15,3.21
NM202404694857,2024-04-21,2024-04-28,CU0137,PR523,South ,OFFICE SUPPLIES,Art,3,$107.16,0.3,-8.79
NM202404375386,2024-04-24,2024-04-29,CU0188,PR519,south,OFFICE SUPPLIES,Paper,1,$9.57,0.15,2.38
NM202404841791,2024-04-27,2024-05-04,CU0061,PR503,West,Technology,Phones,1,$154.89,0,56.8
NM202404372396,"Apr 30, 2024","May 07, 2024",CU0083,PR508,Central,technology,Machines,3,$688.35,0,
NM202404128328,"Apr 23, 2024","Apr 23, 2024",CU0039,PR520,East ,Office Supplies,Paper,5,$34.65,0.3,8.6
NM202404185455,2024-04-11,2024-04-12,CU0087,PR501,south,technology,Phones,5,"$4,680.27",0.1,1113.22
NM202404267123,2024-04-16,2024-04-23,CU0158,PR514, South,FURNITURE,Bookcases,3,$715.42,,235.33
NM202404438456,2024-04-12,2024-04-15,CU0085,PR510, West,Furniture,Chairs,8,"$1,358.78",,24.3
NM202404834987,2024-04-07,2024-04-07,CU0025,PR511, West,furniture,Chairs,7,$582.17,0.3,143.48
NM202404428430,2024-04-07,2024-04-10,CU0123,PR511,central,FURNITURE,Chairs,5,$356.43,0.4,43.08
NM202404930697,2024-04-20,2024-04-20,CU0188,PR510,SOUTH,Furniture,Chairs,6,"$1,310.26",0.1,309.4
NM202404959863,2024-04-15,2024-04-22,CU0066,PR523,West,Office Supplies,Art,1,$45.93,0.1,7.28
NM202404725505,2024-04-22,2024-04-25,CU0121,PR507,WEST,Technology,Machines,1,$36.29,0.15,16.44
NM202404956725,2024-04-25,2024-04-27,CU0214,PR513,CENTRAL,Furniture,Tables,5,"$1,016.16",0.2,36.01
NM202404962370,2024-04-21,2024-04-23,CU0186,PR514,East ,Furniture,Bookcases,3,$675.67,0.15,195.58
NM202404624367,"Apr 15, 2024","Apr 17, 2024",CU0134,PR522,Central ,office supplies,Storage,5,$208.45,0,98.35
NM202404647630,2024-04-28,2024-04-29,CU0084,PR514, South,Furniture,Bookcases,8,"$1,483.83",0.3,203.59
NM202404620341,2024-04-09,2024-04-12,CU0216,PR506,South,Technology,Accessories,2,"$1,307.60",0,651.04
NM202404564748,04-Apr-2024,08-Apr-2024,CU0086,PR520, East,Office Supplies,Paper,8,$67.32,0.15,25.64
NM202404919767,2024-04-11,2024-04-14,CU0167,PR502,south,Technology,Phones,3,$761.28,0.2,273.96
NM202404470626,2024-04-12,2024-04-16,CU0092,PR511,South,Furniture,Chairs,2,$201.98,0.15,76.64
NM202404139438,2024-04-18,2024-04-20,CU0102,PR517,West,office supplies,Binders,5,$309.54,0.3,70.24
NM202404565186,2024-04-24,2024-04-25,CU0107,PR502,south,Technology,Phones,7,"$1,887.34",0.15,750.26
NM202404332089,2024-04-19,2024-04-23,CU0104,PR505,east,technology,Accessories,4,$776.96,0,326.88
NM202404727033,2024-04-03,2024-04-09,CU0185,PR509, East,Technology,Machines,5,"$2,815.50",0.15,1134.45
NM202404722170,2024-04-14,2024-04-17,CU0218,PR508,EAST,TECHNOLOGY,Machines,8,"$1,652.04",0.1,706.12
NM202404810334,23-Apr-2024,29-Apr-2024,CU0103,PR522,South ,Office Supplies,Storage,4,$166.76,0,78.68
NM202404496592,2024-04-22,2024-04-29,CU0046,PR510,SOUTH,furniture,Chairs,6,$873.50,0.4,-127.36
NM202404227598,2024-04-27,2024-05-01,CU0103,PR518,South,Office Supplies,Paper,6,$405.90,0,201.9
NM202404193926,2024-04-21,2024-04-22,CU0051,PR502, South,Technology,Phones,8,"$2,283.84",0.1,984.32
NM202404263852,2024-04-27,2024-04-28,CU0228,PR523,West ,OFFICE SUPPLIES,Art,6,$306.18,0,74.28
NM202404880959,2024-04-27,2024-05-04,CU0036,PR511,Central ,FURNITURE,Chairs,7,$499.00,0.4,60.31
NM202404848595,2024-04-06,2024-04-09,CU0062,PR501, Central,TECHNOLOGY,Phones,1,"$1,040.06",0,326.65
NM202404775582,2024-04-28,2024-04-30,CU0036,PR513, Central,FURNITURE,Tables,3,$762.12,0,174.03
NM202404562758,2024-04-15,2024-04-17,CU0158,PR521,South,OFFICE SUPPLIES,Storage,6,$298.80,0,70.92
NM202404555147,2024-04-05,2024-04-07,CU0208,PR509,WEST,TECHNOLOGY,Machines,4,"$2,649.88",0,1305.04
NM202404275688,2024-04-20,2024-04-24,CU0090,PR524,South,Office Supplies,Art,2,$169.02,0,37.14
NM202404114675,2024-04-05,2024-04-12,CU0210,PR519,East ,Office Supplies,Paper,8,$81.07,0.1,23.55
NM202404250399,2024-04-09,2024-04-13,CU0062,PR502,Central ,Technology,Phones,4,"$1,268.80",0,619.04
NM202404196240,2024-04-14,2024-04-14,CU0116,PR504,east,technology,Accessories,2,"$1,455.84",0,602.66
NM202404113521,2024-04-20,2024-04-24,CU0123,PR523,central,OFFICE SUPPLIES,Art,7,$214.33,0.4,-56.22
NM202404444788,2024-04-18,2024-04-18,CU0126,PR513,south,furniture,Tables,3,$762.12,0,174.03
NM202404411798,2024-04-05,2024-04-09,CU0159,PR524,Central,Office Supplies,Art,8,$676.08,0,148.56
NM202404181524,2024-04-04,2024-04-05,CU0059,PR520,South,Office Supplies,Paper,2,$13.86,0.3,3.44
NM202404427163,2024-04-13,2024-04-14,CU0234,PR501,WEST,Technology,Phones,3,"$2,652.15",0.15,511.92
NM202404255131,"Apr 11, 2024","Apr 16, 2024",CU0098,PR520,central,Office Supplies,Paper,5,$44.55,0.1,18.5
NM202404955476,2024-04-03,2024-04-06,CU0197,PR516,west,Office Supplies,Binders,4,$34.70,0.1,15.18
NM202404380108,2024-04-21,2024-04-23,CU0123,PR515,CENTRAL,Furniture,Bookcases,1,$572.31,0,255.53
NM202404230485,"Apr 24, 2024","Apr 28, 2024",CU0020,PR515,central,Furniture,Bookcases,8,"$2,747.09",0.4,212.85
NM202404580633,27-Apr-2024,03-May-2024,CU0082,PR518, East,Office Supplies,Paper,4,$270.60,0,134.6
NM202404330766,2024-04-08,2024-04-09,CU0176,PR515,East,Furniture,Bookcases,8,"$1,831.39",0.6,-702.85
NM202404945025,2024-04-22,2024-04-29,CU0010,PR523,EAST,Office Supplies,Art,3,$91.85,0.4,-24.1
NM202404691028,2024-04-26,2024-04-28,CU0104,PR519, East,Office Supplies,Paper,5,$39.41,0.3,3.46
NM202404662219,2024-04-01,2024-04-06,CU0132,PR511,Central ,Furniture,Chairs,7,$706.92,0.15,268.23
NM202404339786,2024-04-28,2024-05-04,CU0153,PR524,South ,OFFICE SUPPLIES,Art,7,$502.83,,41.25
NM202404579859,2024-04-18,2024-04-23,CU0032,PR511,central,FURNITURE,Chairs,8,$760.38,0.2,259.02
NM202404818951,2024-04-10,2024-04-14,CU0153,PR514,South ,Furniture,Bookcases,1,$211.98,0.2,51.95
NM202404802759,2024-04-28,2024-04-28,CU0096,PR501,east,technology,Phones,1,"$1,040.06",0,326.65
NM202404374862,2024-04-30,2024-05-05,CU0175,PR510,CENTRAL,Furniture,Chairs,2,$388.22,0.2,54.6
NM202404955486,2024-04-11,2024-04-11,CU0128,PR518, East,OFFICE SUPPLIES,Paper,6,$365.31,0.1,161.31
NM202404584688,2024-04-13,2024-04-19,CU0031,PR502,South,Technology,Phones,2,$380.64,0.4,55.76
NM202404302414,2024-04-28,2024-04-30,CU0012,PR518,Central ,Office Supplies,Paper,6,$162.36,0.6,
NM202404719426,2024-04-20,2024-04-26,CU0015,PR505,EAST,TECHNOLOGY,Accessories,1,$174.82,0.1,62.3
NM202404658099,2024-04-19,2024-04-22,CU0195,PR504,South ,technology,Accessories,7,"$3,566.81",0.3,580.68
NM202404596622,17-Apr-2024,20-Apr-2024,CU0096,PR524,East ,Office Supplies,Art,8,$676.08,0,148.56
NM202404399490,2024-04-13,2024-04-19,CU0008,PR508,South ,TECHNOLOGY,Machines,3,$688.35,0,333.63
NM202404105213,2024-04-15,2024-04-21,CU0015,PR523,East,OFFICE SUPPLIES,Art,8,$367.42,0.1,58.22
NM202404561991,03-Apr-2024,04-Apr-2024,CU0192,PR514,Central ,furniture,Bookcases,1,$264.97,0,104.94
NM202404136719,2024-04-22,2024-04-22,CU0223,PR510,Central,FURNITURE,Chairs,5,$849.24,0.3,15.19
NM202404893508,23-Apr-2024,28-Apr-2024,CU0026,PR523,SOUTH,OFFICE SUPPLIES,Art,4,$163.30,0.2,8.7
NM202404861775,2024-04-14,2024-04-19,CU0228,PR507,WEST,Technology,Machines,7,$239.06,0.2,100.11
NM202404897223,"Apr 15, 2024","Apr 16, 2024",CU0090,PR514,South,Furniture,Bookcases,8,"$2,119.76",0,839.52
NM202404879535,2024-04-28,2024-04-29,CU0140,PR518,East ,office supplies,Paper,3,$172.51,0.15,70.51
NM202404986389,2024-04-22,2024-04-29,CU0043,PR503,SOUTH,technology,Phones,5,$774.45,0,284.0
NM202404897886,2024-04-29,2024-04-29,CU0108,PR518,EAST,office supplies,Paper,5,$270.60,0.2,100.6
NM202404904049,2024-04-30,2024-04-30,CU0230,PR519,Central ,Office Supplies,Paper,2,$9.01,0.6,-5.37
NM202404332958,2024-04-12,2024-04-17,CU0030,PR517,west,office supplies,Binders,4,$318.38,0.1,126.94
NM202404626217,2024-04-29,2024-04-29,CU0140,PR508,East ,Technology,Machines,7,"$1,365.23",0.15,537.55
NM202404956270,"Apr 26, 2024","Apr 30, 2024",CU0153,PR516,south,Office Supplies,Binders,8,$77.12,0,38.08
NM202404410162,2024-04-06,2024-04-06,CU0228,PR508,WEST,technology,Machines,5,$917.80,0.2,326.6
NM202404318573,04-Apr-2024,04-Apr-2024,CU0234,PR503,WEST,Technology,Phones,6,$929.34,0,340.8
NM202404733561,2024-04-10,2024-04-16,CU0030,PR523,West,office supplies,Art,1,$40.82,0.2,2.17
NM202404902643,2024-04-05,2024-04-06,CU0232,PR509,Central,TECHNOLOGY,Machines,4,"$1,854.92",0.3,510.08
NM202404389176,2024-04-06,2024-04-06,CU0032,PR502,central,Technology,Phones,2,$570.96,0.1,246.08
NM202404789402,2024-04-29,2024-05-02,CU0097,PR511,CENTRAL,Furniture,Chairs,1,$71.29,0.4,8.62
NM202404390138,"Apr 12, 2024","Apr 15, 2024",CU0168,PR518,Central,office supplies,Paper,3,$81.18,0.6,-20.82
NM202404980912,2024-04-21,2024-04-24,CU0101,PR505,South ,technology,Accessories,4,$621.57,0.2,171.49
NM202404628422,2024-04-06,2024-04-12,CU0161,PR521,Central ,office supplies,Storage,2,$89.64,0.1,13.68
NM202404549893,2024-04-26,2024-04-26,CU0059,PR503,south,technology,Phones,8,"$1,239.12",0,454.4
NM202404482863,2024-04-28,2024-04-30,CU0151,PR506, Central,TECHNOLOGY,Accessories,3,"$1,961.40",0,976.56
NM202404981971,2024-04-22,2024-04-27,CU0074,PR502,central,TECHNOLOGY,Phones,2,$634.40,0,309.52
NM202404199329,2024-04-12,2024-04-16,CU0071,PR506,EAST,technology,Accessories,2,"$1,307.60",0,651.04
NM202404817749,"Apr 15, 2024","Apr 19, 2024",CU0021,PR515,South ,furniture,Bookcases,5,"$2,861.55",0,1277.65
NM202404657041,2024-04-01,2024-04-05,CU0128,PR516,east,Office Supplies,Binders,8,$61.70,0.2,22.66
NM202404105159,2024-04-04,2024-04-11,CU0030,PR523,west,office supplies,Art,4,$204.12,0,49.52
NM202404632860,2024-04-09,2024-04-16,CU0141,PR511,South,Furniture,Chairs,5,$237.62,0.6,-75.73
NM202404519987,06-Apr-2024,07-Apr-2024,CU0089,PR521,west,OFFICE SUPPLIES,Storage,2,$84.66,0.15,8.7
NM202404941432,2024-04-09,2024-04-09,CU0168,PR523,Central ,OFFICE SUPPLIES,Art,6,$260.25,0.15,28.35
NM202404209878,2024-04-25,2024-04-28,CU0188,PR516, South,Office Supplies,Binders,8,$77.12,0,38.08
NM202404345325,2024-04-10,2024-04-16,CU0138,PR503, South,Technology,Phones,2,$185.87,0.4,-10.31
NM202404494069,2024-04-21,2024-04-28,CU0049,PR517,CENTRAL,OFFICE SUPPLIES,Binders,4,$141.50,0.6,-49.94
NM202404935999,2024-04-27,2024-04-29,CU0100,PR518,CENTRAL,office supplies,Paper,5,$338.25,0,168.25
NM202404220077,2024-04-07,2024-04-13,CU0232,PR520,Central,office supplies,Paper,4,$33.66,0.15,12.82
NM202404222805,2024-04-02,2024-04-02,CU0038,PR501,SOUTH,Technology,Phones,7,"$7,280.42",0,2286.55
NM202404531927,21-Apr-2024,22-Apr-2024,CU0150,PR502,South,technology,Phones,4,"$1,015.04",0.2,365.28
NM202404973649,2024-04-27,2024-05-04,CU0177,PR501,West,Technology,Phones,7,"$7,280.42",,2286.55
NM202404734941,2024-04-15,2024-04-18,CU0052,PR509, East,Technology,Machines,5,"$2,981.12",0.1,1300.07
NM202404444668,2024-04-23,2024-04-23,CU0181,PR515,EAST,furniture,Bookcases,7,"$4,006.17",0,1788.71
NM202404145981,2024-04-05,2024-04-11,CU0063,PR518,Central,Office Supplies,Paper,6,$284.13,0.3,80.13
NM202404151396,2024-04-25,2024-05-02,CU0063,PR524,Central,office supplies,Art,8,$676.08,0,148.56
NM202404113309,2024-04-13,2024-04-14,CU0216,PR510,SOUTH,FURNITURE,Chairs,3,$727.92,0,227.49
NM202404397991,2024-04-14,2024-04-19,CU0042,PR522,CENTRAL,Office Supplies,Storage,5,$187.60,0.1,77.5
NM202404913357,30-Apr-2024,02-May-2024,CU0134,PR524,CENTRAL,office supplies,Art,4,$135.22,0.6,-128.54
NM202404141317,2024-04-05,2024-04-11,CU0088,PR501,Central,Technology,Phones,3,"$2,184.13",0.3,43.9
NM202404167575,"Apr 30, 2024","May 01, 2024",CU0225,PR515,WEST,FURNITURE,Bookcases,2,$457.85,0.6,-175.71
NM202404997969,2024-04-26,2024-05-01,CU0080,PR508,south,Technology,Machines,8,"$1,835.60",0,889.68
NM202404838240,2024-04-17,2024-04-20,CU0153,PR512,South ,Furniture,Tables,7,"$4,878.65",0,1325.73
NM202404487843,2024-04-28,2024-04-30,CU0045,PR515,SOUTH,Furniture,Bookcases,1,$457.85,0.2,141.07
NM202404501316,2024-04-04,2024-04-10,CU0119,PR523,West ,Office Supplies,Art,2,$102.06,0,24.76
NM202404625614,2024-04-02,2024-04-04,CU0087,PR502, South,technology,Phones,1,$253.76,0.2,91.32
NM202404537741,2024-04-28,2024-05-02,CU0033,PR523,south,Office Supplies,Art,2,$102.06,0,
NM202404663116,2024-04-13,2024-04-14,CU0193,PR522,east,office supplies,Storage,6,$250.14,0,118.02
NM202404368992,2024-04-07,2024-04-07,CU0043,PR508,south,TECHNOLOGY,Machines,7,$642.46,0.6,-185.22
NM202404217350,2024-04-02,2024-04-09,CU0222,PR506, West,Technology,Accessories,3,"$1,961.40",0,976.56
NM202404963880,2024-04-18,2024-04-19,CU0061,PR519,West,Office Supplies,Paper,3,$27.02,0.2,5.45
NM202404730654,2024-04-24,2024-04-27,CU0211,PR511, Central,FURNITURE,Chairs,5,$504.94,0.15,191.59
NM202404846086,2024-04-16,2024-04-23,CU0230,PR511,Central ,FURNITURE,Chairs,2,$142.57,0.4,17.23
NM202404502129,2024-04-16,2024-04-19,CU0121,PR520,West,Office Supplies,Paper,6,$59.40,0,28.14
NM202404601948,2024-04-07,2024-04-12,CU0079,PR520, Central,OFFICE SUPPLIES,Paper,8,$71.28,0.1,29.6
NM202404357324,2024-04-28,2024-04-30,CU0132,PR509,Central ,Technology,Machines,7,"$4,637.29",0,2283.82
NM202404909318,2024-04-02,2024-04-08,CU0183,PR518,central,Office Supplies,Paper,7,$284.13,0.4,46.13
NM202404308062,2024-04-15,2024-04-21,CU0115,PR515,East,FURNITURE,Bookcases,2,"$1,144.62",0,511.06
NM202404244499,2024-04-29,2024-05-04,CU0225,PR509,West ,Technology,Machines,6,"$3,974.82",0,1957.56
NM202404602827,2024-04-05,2024-04-07,CU0125,PR521,east,office supplies,Storage,5,$249.00,0,59.1
NM202404428546,"Apr 27, 2024","Apr 30, 2024",CU0169,PR522,SOUTH,Office Supplies,Storage,3,$100.06,0.2,34.0
NM202404970213,05-Apr-2024,08-Apr-2024,CU0023,PR509,Central,Technology,Machines,5,"$3,312.35",0,1631.3
NM202404699766,2024-04-16,2024-04-21,CU0185,PR522,East ,OFFICE SUPPLIES,Storage,6,$212.62,0.15,80.5
NM202404870465,2024-04-06,2024-04-10,CU0122,PR515,East,FURNITURE,Bookcases,5,"$2,575.39",0.1,991.5
NM202404744530,2024-04-08,2024-04-12,CU0187,PR519, East,office supplies,Paper,5,$39.41,0.3,3.46
NM202404316482,25-Apr-2024,26-Apr-2024,CU0076,PR520,CENTRAL,OFFICE SUPPLIES,Paper,6,$23.76,0.6,-7.5
NM202404297457,2024-04-26,2024-05-01,CU0047,PR509,East ,Technology,Machines,3,"$1,788.67",0.1,780.04
NM202404614880,2024-04-05,2024-04-09,CU0225,PR507,West,technology,Machines,3,$102.46,0.2,42.91
NM202404866997,2024-04-06,2024-04-06,CU0187,PR518,East,office supplies,Paper,8,$541.20,0,269.2
NM202404395197,2024-04-06,2024-04-06,CU0186,PR513,East,furniture,Tables,6,"$1,066.97",0.3,
NM202404575490,2024-04-22,2024-04-22,CU0207,PR523,Central,Office Supplies,Art,2,$71.44,0.3,-5.86
NM202404461271,2024-04-28,2024-05-01,CU0016,PR511,East ,Furniture,Chairs,8,$807.91,0.15,306.55
NM202404202935,2024-04-22,2024-04-23,CU0239,PR524,South,office supplies,Art,1,$67.61,0.2,1.67
NM202404626637,2024-04-02,2024-04-09,CU0119,PR501,West,Technology,Phones,4,"$1,664.10",0.6,-1189.54
NM202404618795,2024-04-13,2024-04-13,CU0046,PR503, South,Technology,Phones,2,$216.85,0.3,20.67
NM202404435589,2024-04-23,2024-04-24,CU0106,PR501,central,Technology,Phones,7,"$4,368.25",0.4,-625.62
NM202404901853,2024-04-15,2024-04-16,CU0166,PR524, Central,office supplies,Art,8,$676.08,0,148.56
NM202404767940,2024-04-09,2024-04-14,CU0179,PR504,south,TECHNOLOGY,Accessories,3,$873.50,0.6,-406.27
NM202404707200,2024-04-03,2024-04-10,CU0213,PR513,South ,furniture,Tables,1,$228.64,0.1,32.61
NM202404697932,2024-04-16,2024-04-17,CU0031,PR512,SOUTH,Furniture,Tables,7,"$3,415.06",0.3,-137.86
NM202404713886,2024-04-06,2024-04-09,CU0167,PR504, South,Technology,Accessories,5,"$3,639.60",0,1506.65
NM202404776480,2024-04-28,2024-05-03,CU0058,PR513,East,Furniture,Tables,7,"$1,778.28",0,406.07
NM202404740703,2024-04-26,2024-05-02,CU0140,PR518,East,OFFICE SUPPLIES,Paper,5,$304.43,0.1,134.43
NM202404551368,2024-04-16,2024-04-22,CU0085,PR510,West ,Furniture,Chairs,8,"$1,358.78",0.3,24.3
NM202404394944,2024-04-30,2024-05-06,CU0239,PR516,South ,Office Supplies,Binders,5,$19.28,0.6,
NM202404245600,2024-04-18,2024-04-18,CU0102,PR510,West,Furniture,Chairs,3,$291.17,0.6,-209.26
NM202404674426,2024-04-10,2024-04-13,CU0047,PR511,east,Furniture,Chairs,7,$748.50,0.1,309.81
NM202404902131,2024-04-15,2024-04-17,CU0209,PR521,Central ,Office Supplies,Storage,3,$149.40,0,35.46
NM202404458163,2024-04-10,2024-04-13,CU0137,PR506,South ,Technology,Accessories,2,"$1,307.60",0,651.04
NM202404108389,2024-04-25,2024-04-27,CU0235,PR502, East,TECHNOLOGY,Phones,4,"$1,268.80",0,619.04
NM202404254230,"Apr 22, 2024","Apr 29, 2024",CU0197,PR508,WEST,Technology,Machines,7,"$1,445.53",0.1,617.85
NM202404248184,2024-04-03,2024-04-06,CU0152,PR518, East,office supplies,Paper,7,$378.84,0.2,140.84
NM202404401901,2024-04-02,2024-04-09,CU0018,PR516,SOUTH,Office Supplies,Binders,8,$77.12,0,38.08
NM202404145456,2024-04-24,2024-04-29,CU0041,PR507, South,Technology,Machines,5,$213.45,,114.2
NM202404624413,2024-04-24,2024-04-26,CU0120,PR503,EAST,Technology,Phones,4,$557.60,0.1,165.24
NM202404626493,2024-04-18,2024-04-22,CU0021,PR501,SOUTH,technology,Phones,1,$936.05,0.1,222.64
NM202404557435,24-Apr-2024,30-Apr-2024,CU0179,PR521,South,Office Supplies,Storage,6,$209.16,0.3,-18.72
NM202404870401,2024-04-23,2024-04-24,CU0219,PR507,west,Technology,Machines,1,$42.69,0,22.84
NM202404977213,03-Apr-2024,05-Apr-2024,CU0192,PR508, Central,technology,Machines,4,$917.80,0,444.84
NM202404782807,2024-04-17,2024-04-22,CU0092,PR515,SOUTH,Furniture,Bookcases,4,$915.70,0.6,-351.42
NM202404103941,"Apr 10, 2024","Apr 11, 2024",CU0014,PR509,South,Technology,Machines,4,"$2,252.40",0.15,907.56
NM202404889345,2024-04-11,2024-04-13,CU0200,PR516,EAST,OFFICE SUPPLIES,Binders,1,$8.19,0.15,3.31
NM202404422460,2024-04-27,2024-04-28,CU0020,PR507,Central ,Technology,Machines,7,$268.95,0.1,130.0
NM202404398567,2024-04-19,2024-04-23,CU0226,PR518, East,office supplies,Paper,6,$405.90,0,201.9
NM202404455005,2024-04-08,2024-04-15,CU0054,PR501, South,Technology,Phones,4,"$3,536.20",0.15,682.56
NM202404804398,2024-04-12,2024-04-19,CU0220,PR522, Central,OFFICE SUPPLIES,Storage,3,$106.31,0.15,40.25
NM202404919709,"Apr 19, 2024","Apr 20, 2024",CU0111,PR504,east,technology,Accessories,5,"$2,547.72",0.3,414.77
NM202404842567,2024-04-30,2024-05-04,CU0188,PR516,South,Office Supplies,Binders,7,$67.48,0,33.32
NM202404235679,2024-04-26,2024-04-26,CU0121,PR501,WEST,technology,Phones,2,"$1,872.11",0.1,445.29
NM202404188725,22-Apr-2024,29-Apr-2024,CU0144,PR507,West ,Technology,Machines,2,$76.84,0.1,37.14
NM202404904789,2024-04-05,2024-04-09,CU0058,PR509,East,Technology,Machines,5,"$2,981.12",0.1,1300.07
NM202404432540,2024-04-20,2024-04-25,CU0013,PR501,central,Technology,Phones,5,"$4,680.27",0.1,1113.22
NM202404564414,2024-04-23,2024-04-26,CU0214,PR515,central,Furniture,Bookcases,7,"$2,804.32",0.3,586.86
NM202404731157,2024-04-05,2024-04-07,CU0029,PR506,West ,Technology,Accessories,4,"$2,353.68",0.1,1040.56
NM202404876124,30-Apr-2024,01-May-2024,CU0143,PR505,SOUTH,TECHNOLOGY,Accessories,4,$621.57,0.2,171.49
NM202404132358,2024-04-28,2024-05-03,CU0207,PR511,central,FURNITURE,Chairs,5,$594.05,0,280.7
NM202404171083,2024-04-05,2024-04-06,CU0107,PR508,SOUTH,Technology,Machines,2,$275.34,0.4,38.86
NM202404246398,2024-04-09,2024-04-11,CU0075,PR511,WEST,Furniture,Chairs,7,$831.67,0,392.98
NM202404248843,19-Apr-2024,24-Apr-2024,CU0195,PR506,South ,TECHNOLOGY,Accessories,1,$555.73,0.15,227.45
NM202404418133,2024-04-19,2024-04-26,CU0033,PR524,SOUTH,Office Supplies,Art,8,$540.86,,13.34
NM202404856793,2024-04-03,2024-04-03,CU0134,PR511,Central,FURNITURE,Chairs,4,$190.10,0.6,-60.58
NM202404988763,2024-04-16,2024-04-19,CU0137,PR524, South,Office Supplies,Art,5,$380.30,0.1,50.6
NM202404686492,2024-04-19,2024-04-20,CU0164,PR523,Central ,office supplies,Art,4,$204.12,0,49.52
NM202404725123,2024-04-23,2024-04-30,CU0155,PR512,SOUTH,Furniture,Tables,4,"$2,787.80",0,757.56
NM202404582315,2024-04-13,2024-04-19,CU0205,PR507,Central ,Technology,Machines,5,$181.43,0.15,82.18
NM202404475532,2024-04-09,2024-04-14,CU0015,PR511,East ,furniture,Chairs,5,$415.83,0.3,102.48
NM202404933649,2024-04-02,2024-04-03,CU0053,PR523,East,office supplies,Art,3,$153.09,0,37.14
NM202404110866,25-Apr-2024,29-Apr-2024,CU0132,PR504,Central,Technology,Accessories,1,$582.34,0.2,155.75
NM202404764614,2024-04-12,2024-04-13,CU0237,PR505,West ,technology,Accessories,8,"$1,320.83",0.15,420.67
NM202404715200,2024-04-14,2024-04-17,CU0150,PR520,south,office supplies,Paper,3,$29.70,0,14.07
NM202404652905,2024-04-09,2024-04-09,CU0116,PR516,East ,office supplies,Binders,3,$24.58,0.15,
NM202404305725,2024-04-16,2024-04-18,CU0039,PR523, East,office supplies,Art,1,$51.03,0,12.38
NM202404650934,2024-04-05,2024-04-08,CU0042,PR508, Central,Technology,Machines,2,$458.90,0,222.42
NM202404526444,2024-04-28,2024-05-01,CU0158,PR507, South,technology,Machines,7,$254.01,0.15,115.06
NM202404276075,2024-04-21,2024-04-22,CU0043,PR513,South ,Furniture,Tables,1,$215.93,0.15,19.9
NM202404238445,2024-04-25,2024-04-25,CU0162,PR507,SOUTH,Technology,Machines,2,$85.38,0,45.68
NM202404429496,2024-04-14,2024-04-17,CU0153,PR512,South,Furniture,Tables,2,"$1,393.90",0,378.78
NM202404309513,2024-04-16,2024-04-19,CU0175,PR513,Central,Furniture,Tables,8,"$2,032.32",0,464.08
NM202404499398,2024-04-03,2024-04-08,CU0036,PR524,Central,Office Supplies,Art,2,$143.67,0.15,11.79
NM202404706828,2024-04-24,2024-04-29,CU0003,PR515,east,FURNITURE,Bookcases,7,"$2,804.32",0.3,586.86
NM202404965738,2024-04-03,2024-04-06,CU0051,PR507,South ,Technology,Machines,2,$59.77,0.3,20.07
NM202404642674,2024-04-13,2024-04-13,CU0070,PR519, Central,Office Supplies,Paper,8,$63.06,0.3,5.54
NM202404516650,2024-04-16,2024-04-23,CU0205,PR518,CENTRAL,office supplies,Paper,2,$135.30,0,
NM202404412207,2024-04-21,2024-04-21,CU0013,PR512,Central ,furniture,Tables,8,"$5,575.60",0,1515.12
NM202404199828,29-Apr-2024,05-May-2024,CU0039,PR517,east,OFFICE SUPPLIES,Binders,1,$70.75,0.2,22.89
NM202404111886,2024-04-18,2024-04-18,CU0129,PR523,south,Office Supplies,Art,3,$137.78,0.1,21.83
NM202404451075,2024-04-10,2024-04-11,CU0070,PR503, Central,technology,Phones,8,"$1,239.12",0,454.4
NM202404786987,2024-04-11,2024-04-11,CU0083,PR519,Central,Office Supplies,Paper,8,$81.07,0.1,23.55
NM202404367457,2024-04-27,2024-05-04,CU0187,PR507,East,technology,Machines,2,$76.84,0.1,37.14
NM202404869412,2024-04-02,2024-04-08,CU0140,PR517,East,office supplies,Binders,1,$53.06,0.4,5.2
NM202404806609,2024-04-17,2024-04-17,CU0163,PR514,CENTRAL,Furniture,Bookcases,1,$225.22,0.15,65.19
NM202404552167,2024-04-26,2024-05-01,CU0017,PR501,SOUTH,technology,Phones,3,"$2,652.15",0.15,511.92
NM202404459051,"Apr 23, 2024","Apr 29, 2024",CU0176,PR501,EAST,technology,Phones,7,"$6,552.38",0.1,
NM202404897181,2024-04-07,2024-04-11,CU0145,PR509,South ,Technology,Machines,2,"$1,059.95",0.2,387.53
NM202404156383,2024-04-08,2024-04-14,CU0155,PR519,South,Office Supplies,Paper,8,$90.08,,32.56
NM202404553917,2024-04-15,2024-04-22,CU0154,PR517,South ,Office Supplies,Binders,1,$75.17,0.15,27.31
NM202404646938,03-Apr-2024,06-Apr-2024,CU0199,PR509, Central,Technology,Machines,1,$596.22,0.1,260.01
NM202404931803,2024-04-19,2024-04-24,CU0137,PR514,south,Furniture,Bookcases,1,$158.98,0.4,-1.05
NM202404721321,2024-04-08,2024-04-15,CU0050,PR506,west,technology,Accessories,4,"$2,615.20",0,
NM202404472922,2024-04-09,2024-04-10,CU0180,PR510,Central ,Furniture,Chairs,3,$727.92,0,227.49
NM202404567173,2024-04-19,2024-04-26,CU0071,PR504,East,Technology,Accessories,3,$873.50,0.6,-406.27
NM202404549894,2024-04-26,2024-04-29,CU0178,PR510,west,Furniture,Chairs,6,"$1,455.84",0,454.98
NM202404928369,2024-04-22,2024-04-28,CU0107,PR510,South ,FURNITURE,Chairs,7,"$1,698.48",0,530.81
NM202404678734,2024-04-20,2024-04-21,CU0033,PR518,South,OFFICE SUPPLIES,Paper,7,$189.42,0.6,-48.58
NM202404776676,2024-04-15,2024-04-20,CU0214,PR503,central,Technology,Phones,1,$154.89,0,56.8
NM202404163274,2024-04-14,2024-04-17,CU0119,PR514,West,furniture,Bookcases,7,"$1,483.83",0.2,363.62
NM202404266550,2024-04-26,2024-05-01,CU0083,PR515,Central ,Furniture,Bookcases,6,"$2,747.09",0.2,846.41
NM202404939435,2024-04-22,2024-04-27,CU0051,PR513,South ,Furniture,Tables,7,"$1,066.97",0.4,-305.24
NM202404606418,2024-04-30,2024-05-07,CU0151,PR523,Central,Office Supplies,Art,8,$163.30,0.6,-145.9
NM202404484984,2024-04-03,2024-04-05,CU0237,PR504,West ,technology,Accessories,1,$655.13,0.1,228.54
NM202404127339,"Apr 23, 2024","Apr 27, 2024",CU0167,PR506,SOUTH,Technology,Accessories,1,$653.80,0,325.52
NM202404537314,2024-04-20,2024-04-26,CU0153,PR508,south,technology,Machines,4,$780.13,0.15,307.17
NM202404503428,2024-04-27,2024-05-03,CU0207,PR516,Central ,Office Supplies,Binders,6,$52.06,0.1,22.78
NM202404528043,2024-04-30,2024-05-06,CU0105,PR518,East ,Office Supplies,Paper,8,$378.84,0.3,106.84
NM202404557542,2024-04-19,2024-04-20,CU0116,PR517,East,office supplies,Binders,7,$433.36,0.3,98.34
NM202404702505,2024-04-07,2024-04-11,CU0177,PR521,West ,office supplies,Storage,1,$29.88,0.4,-8.1
NM202404422891,2024-04-30,2024-05-02,CU0103,PR518,South,OFFICE SUPPLIES,Paper,7,$473.55,0,235.55
NM202404511303,2024-04-24,2024-04-29,CU0206,PR520,east,Office Supplies,Paper,2,$16.83,,6.41
NM202404755442,2024-04-18,2024-04-21,CU0138,PR505,south,Technology,Accessories,1,$165.10,0.15,52.58
NM202404522777,2024-04-11,2024-04-14,CU0144,PR501,West,TECHNOLOGY,Phones,8,"$8,320.48",0,2613.2
NM202404904780,2024-04-05,2024-04-07,CU0216,PR506, South,Technology,Accessories,4,"$2,353.68",0.1,1040.56
NM202404178157,2024-04-02,2024-04-02,CU0106,PR503,CENTRAL,technology,Phones,7,"$1,084.23",0,397.6
NM202404437613,2024-04-27,2024-04-29,CU0094,PR503,east,Technology,Phones,7,$758.96,0.3,72.33
NM202404188761,2024-04-13,2024-04-20,CU0240,PR502,east,Technology,Phones,5,"$1,586.00",0,773.8
NM202404452257,2024-04-22,2024-04-28,CU0095,PR512,South,Furniture,Tables,3,"$1,777.22",0.15,254.54
NM202404627717,2024-04-01,2024-04-08,CU0178,PR519,west,OFFICE SUPPLIES,Paper,6,$67.56,0,24.42
NM202404683085,2024-04-22,2024-04-26,CU0011,PR517,West ,Office Supplies,Binders,7,$619.08,0,284.06
NM202404153910,2024-04-24,2024-05-01,CU0144,PR517,West,OFFICE SUPPLIES,Binders,2,$159.19,0.1,63.47
NM202404835783,2024-04-15,2024-04-17,CU0029,PR511,West,Furniture,Chairs,8,$855.43,0.1,354.07
NM202404861060,2024-04-16,2024-04-22,CU0229,PR513,Central ,Furniture,Tables,8,"$2,032.32",0,464.08
NM202404786464,2024-04-01,2024-04-05,CU0218,PR513,East ,furniture,Tables,6,"$1,295.60",0.15,119.42
NM202404577763,2024-04-30,2024-04-30,CU0189,PR510,EAST,furniture,Chairs,7,"$1,528.63",0.1,360.96
NM202404138511,2024-04-19,2024-04-24,CU0194,PR513,west,FURNITURE,Tables,5,"$1,270.20",0,290.05
NM202404527363,2024-04-17,2024-04-23,CU0068,PR520, West,Office Supplies,Paper,6,$41.58,0.3,10.32
NM202404615994,2024-04-28,2024-05-02,CU0046,PR513,South,furniture,Tables,4,"$1,016.16",0,232.04
NM202404909040,2024-04-09,2024-04-16,CU0067,PR503,east,TECHNOLOGY,Phones,4,$619.56,0,227.2
NM202404357627,2024-04-24,2024-04-26,CU0135,PR523,EAST,office supplies,Art,5,$255.15,0,61.9
NM202404309040,2024-04-09,2024-04-16,CU0026,PR501,SOUTH,Technology,Phones,5,"$4,160.24",0.2,593.19
NM202404153075,2024-04-29,2024-05-04,CU0112,PR521,SOUTH,Office Supplies,Storage,6,$209.16,0.3,-18.72
NM202404422190,2024-04-24,2024-04-24,CU0077,PR506,south,Technology,Accessories,4,"$1,046.08",0.6,-267.04
NM202404389198,"Apr 03, 2024","Apr 03, 2024",CU0193,PR518,East,office supplies,Paper,7,$473.55,0,235.55
NM202404195631,2024-04-12,2024-04-13,CU0240,PR515, East,Furniture,Bookcases,1,$572.31,0,255.53
NM202404437827,15-Apr-2024,22-Apr-2024,CU0053,PR502,East,Technology,Phones,6,"$1,903.20",0,928.56
NM202404461787,2024-04-08,2024-04-14,CU0041,PR511,South ,furniture,Chairs,1,$100.99,0.15,38.32
NM202404468748,2024-04-25,2024-05-01,CU0044,PR522,CENTRAL,office supplies,Storage,6,$250.14,0,118.02
NM202404714263,2024-04-29,2024-05-01,CU0131,PR509,central,technology,Machines,4,"$2,119.90",0.2,775.06
NM202404142968,2024-04-08,2024-04-10,CU0149,PR520,West,Office Supplies,Paper,2,$19.80,0,9.38
NM202404244300,2024-04-09,2024-04-16,CU0158,PR504,South,TECHNOLOGY,Accessories,8,"$5,823.36",0,2410.64
NM202404606481,2024-04-29,2024-05-05,CU0017,PR516,south,OFFICE SUPPLIES,Binders,1,$9.64,0,4.76
NM202404665983,2024-04-19,2024-04-20,CU0034,PR515,East ,Furniture,Bookcases,5,"$2,861.55",0,1277.65
NM202404114797,07-Apr-2024,07-Apr-2024,CU0067,PR504,East,Technology,Accessories,4,"$2,474.93",,768.57
NM202404500901,2024-04-29,2024-05-04,CU0084,PR521,SOUTH,Office Supplies,Storage,6,$298.80,0,
NM202404950820,2024-04-04,2024-04-07,CU0020,PR522,central,Office Supplies,Storage,3,$106.31,0.15,40.25
NM202404481592,10-Apr-2024,11-Apr-2024,CU0127,PR511,SOUTH,FURNITURE,Chairs,7,$748.50,0.1,309.81
NM202404767110,2024-04-12,2024-04-18,CU0156,PR508,east,technology,Machines,7,"$1,606.15",0,778.47
NM202404209510,2024-04-04,2024-04-11,CU0074,PR517,CENTRAL,office supplies,Binders,4,$353.76,0,162.32
NM202404780431,2024-04-12,2024-04-17,CU0147,PR523,West ,Office Supplies,Art,3,$130.13,0.15,14.18
NM202404866517,"Apr 14, 2024","Apr 14, 2024",CU0202,PR505,central,TECHNOLOGY,Accessories,1,$116.54,0.4,4.02
NM202404877577,2024-04-14,2024-04-14,CU0126,PR511,south,FURNITURE,Chairs,2,$190.10,0.2,64.76
NM202404768049,2024-04-19,2024-04-25,CU0083,PR516,Central,office supplies,Binders,1,$6.75,0.3,1.87
NM202404424491,2024-04-01,2024-04-03,CU0128,PR517,EAST,office supplies,Binders,1,$79.60,0.1,31.74
NM202404815160,2024-04-10,2024-04-17,CU0221,PR507, South,Technology,Machines,3,$76.84,0.4,17.29
NM202404892769,2024-04-17,2024-04-21,CU0041,PR520,SOUTH,Office Supplies,Paper,8,$55.44,0.3,13.76
NM202404242787,2024-04-17,2024-04-20,CU0159,PR512, Central,Furniture,Tables,5,"$3,484.75",0,946.95
NM202404440802,26-Apr-2024,29-Apr-2024,CU0044,PR518,Central ,office supplies,Paper,1,$57.50,0.15,23.5
NM202404424116,2024-04-28,2024-05-01,CU0216,PR501,SOUTH,technology,Phones,6,"$5,616.32",0.1,1335.86
NM202404324765,2024-04-05,2024-04-05,CU0037,PR504,west,Technology,Accessories,1,$727.92,0,301.33
NM202404600321,2024-04-11,2024-04-14,CU0168,PR523,Central ,office supplies,Art,4,$204.12,0,49.52
NM202404248901,07-Apr-2024,11-Apr-2024,CU0132,PR513,CENTRAL,furniture,Tables,2,$508.08,0,116.02
NM202404335956,2024-04-12,2024-04-13,CU0220,PR502, Central,TECHNOLOGY,Phones,5,"$1,268.80",0.2,456.6
NM202404630841,2024-04-25,2024-04-29,CU0030,PR519,west,Office Supplies,Paper,7,$78.82,0,28.49
NM202404238403,"Apr 09, 2024","Apr 15, 2024",CU0112,PR516,SOUTH,Office Supplies,Binders,8,$69.41,0.1,30.37
NM202404192549,2024-04-27,2024-04-29,CU0019,PR521,east,Office Supplies,Storage,6,$268.92,0.1,41.04
NM202404647435,2024-04-07,2024-04-10,CU0095,PR519,South,Office Supplies,Paper,4,$38.28,0.15,9.52
NM202404502258,2024-04-25,2024-04-25,CU0226,PR503,East ,Technology,Phones,4,$433.69,0.3,41.33
NM202404931330,2024-04-02,2024-04-04,CU0117,PR517,South ,Office Supplies,Binders,6,$530.64,0,
NM202404137573,2024-04-04,2024-04-08,CU0207,PR518,Central ,OFFICE SUPPLIES,Paper,2,$135.30,0,67.3
NM202404269282,2024-04-22,2024-04-23,CU0042,PR514,Central,furniture,Bookcases,4,$847.90,0.2,207.78
NM202404890350,10-Apr-2024,12-Apr-2024,CU0108,PR508,EAST,technology,Machines,2,$390.06,0.15,153.59
NM202404942582,2024-04-03,2024-04-09,CU0183,PR512,central,Furniture,Tables,2,"$1,393.90",0,378.78
NM202404336083,2024-04-01,2024-04-03,CU0063,PR518,central,Office Supplies,Paper,5,$338.25,0,168.25
NM202404577609,2024-04-24,2024-04-27,CU0038,PR519,south,OFFICE SUPPLIES,Paper,6,$60.80,0.1,17.66
NM202404422460,2024-04-27,2024-04-28,CU0020,PR507,Central ,Technology,Machines,7,$268.95,0.1,130.0
NM202404729449,2024-04-04,2024-04-10,CU0176,PR507,East ,TECHNOLOGY,Machines,1,$29.88,0.3,10.03
NM202404831799,28-Apr-2024,03-May-2024,CU0010,PR518,East,Office Supplies,Paper,6,$284.13,0.3,80.13
NM202404820541,2024-04-02,2024-04-02,CU0160,PR506, South,TECHNOLOGY,Accessories,3,"$1,765.26",0.1,780.42
NM202404405368,2024-04-07,2024-04-08,CU0178,PR523,west,office supplies,Art,5,$255.15,0,61.9
NM202404516785,"Apr 28, 2024","May 05, 2024",CU0182,PR513,East,FURNITURE,Tables,6,"$1,524.24",0,348.06
NM202404618315,2024-04-25,2024-05-02,CU0144,PR510, West,Furniture,Chairs,5,"$1,091.88",0.1,257.83
NM202404517449,"Apr 20, 2024","Apr 21, 2024",CU0050,PR509,WEST,Technology,Machines,1,$662.47,0,326.26
