order_id,order_date,ship_date,customer_id,product_id,region,category,sub_category,quantity,sales,discount,profit
NM202401461113,2024-01-27,2024-02-01,CU0049,PR522,central,office supplies,Storage,1,$41.69,0,19.67
NM202401729507,2024-01-29,2024-01-31,CU0229,PR507,CENTRAL,Technology,Machines,4,$170.76,0,91.36
NM202401472052,2024-01-08,2024-01-13,CU0108,PR501,east,technology,Phones,1,$728.04,0.3,14.63
NM202401384236,2024-01-22,2024-01-27,CU0220,PR503,CENTRAL,Technology,Phones,7,$921.60,0.15,
NM202401487969,"Jan 04, 2024","Jan 07, 2024",CU0213,PR501,SOUTH,technology,Phones,2,"$2,080.12",0,653.3
NM202401286944,2024-01-02,2024-01-06,CU0005,PR508,East,TECHNOLOGY,Machines,1,$195.03,0.15,76.79
NM202401278618,2024-01-20,2024-01-25,CU0189,PR506,east,TECHNOLOGY,Accessories,2,"$1,046.08",0.2,389.52
NM202401543265,30-Jan-2024,31-Jan-2024,CU0124,PR505,EAST,Technology,Accessories,3,$495.31,0.15,157.75
NM202401161347,09-Jan-2024,13-Jan-2024,CU0011,PR523,West ,OFFICE SUPPLIES,Art,7,$303.63,0.15,33.08
NM202401398136,2024-01-16,2024-01-18,CU0184,PR519,east,Office Supplies,Paper,4,$45.04,0,16.28
NM202401671338,2024-01-11,2024-01-14,CU0034,PR506, East,Technology,Accessories,2,"$1,307.60",0,651.04
NM202401927887,2024-01-18,2024-01-20,CU0160,PR502, South,technology,Phones,8,"$2,537.60",0,1238.08
NM202401361834,2024-01-27,2024-02-03,CU0023,PR509,Central,TECHNOLOGY,Machines,1,$529.98,0.2,193.77
NM202401529014,2024-01-12,2024-01-19,CU0051,PR524,SOUTH,OFFICE SUPPLIES,Art,4,$338.04,0,74.28
NM202401299657,2024-01-17,2024-01-23,CU0095,PR524,SOUTH,OFFICE SUPPLIES,Art,4,$338.04,0,74.28
NM202401259082,2024-01-25,2024-01-29,CU0129,PR514, South,furniture,Bookcases,8,"$1,907.78",0.1,627.54
NM202401117079,2024-01-09,2024-01-14,CU0074,PR506, Central,Technology,Accessories,8,"$4,184.32",0.2,1558.08
NM202401303427,2024-01-04,2024-01-10,CU0087,PR501,SOUTH,Technology,Phones,5,"$4,160.24",0.2,593.19
NM202401103230,2024-01-18,2024-01-20,CU0117,PR524, South,Office Supplies,Art,7,$532.41,0.1,70.83
NM202401933514,2024-01-20,2024-01-24,CU0098,PR518,central,office supplies,Paper,3,$142.06,0.3,40.06
NM202401616868,14-Jan-2024,16-Jan-2024,CU0080,PR524,south,office supplies,Art,4,$338.04,0,74.28
NM202401695119,24-Jan-2024,27-Jan-2024,CU0098,PR514,Central ,furniture,Bookcases,8,"$1,907.78",0.1,627.54
NM202401955284,2024-01-10,2024-01-11,CU0220,PR513,central,Furniture,Tables,6,"$1,371.82",0.1,195.64
NM202401870835,2024-01-11,2024-01-18,CU0226,PR516,east,OFFICE SUPPLIES,Binders,1,$8.19,0.15,3.31
NM202401651775,2024-01-29,2024-01-31,CU0048,PR506,west,Technology,Accessories,2,$915.32,0.3,258.76
NM202401823645,2024-01-03,2024-01-09,CU0197,PR501,West ,Technology,Phones,2,"$2,080.12",0,653.3
NM202401739206,2024-01-21,2024-01-23,CU0236,PR503,South ,technology,Phones,6,$836.41,0.1,247.87
NM202401643445,2024-01-31,2024-02-01,CU0178,PR502,West,TECHNOLOGY,Phones,1,$317.20,0,154.76
NM202401935076,2024-01-13,2024-01-14,CU0195,PR524,SOUTH,Office Supplies,Art,1,$67.61,0.2,1.67
NM202401721757,2024-01-25,2024-02-01,CU0011,PR514,West,Furniture,Bookcases,2,$423.95,0.2,103.89
NM202401888649,2024-01-02,2024-01-08,CU0091,PR505,West ,Technology,Accessories,1,$155.39,0.2,42.87
NM202401201068,2024-01-21,2024-01-21,CU0239,PR511,south,FURNITURE,Chairs,7,$748.50,0.1,309.81
NM202401208766,2024-01-16,2024-01-19,CU0159,PR507,Central,Technology,Machines,6,$217.72,0.15,98.62
NM202401419075,2024-01-25,2024-01-28,CU0204,PR507,Central ,technology,Machines,3,$89.65,0.3,30.1
NM202401833775,22-Jan-2024,22-Jan-2024,CU0187,PR519,East ,Office Supplies,Paper,2,$20.27,0.1,5.89
NM202401829121,2024-01-29,2024-01-29,CU0090,PR521,South ,OFFICE SUPPLIES,Storage,2,$99.60,0,23.64
NM202401785398,2024-01-08,2024-01-10,CU0045,PR502,south,Technology,Phones,8,"$2,283.84",0.1,984.32
NM202401692340,2024-01-04,2024-01-11,CU0123,PR515, Central,Furniture,Bookcases,8,"$4,578.48",,
NM202401786822,2024-01-17,2024-01-21,CU0190,PR518,East,Office Supplies,Paper,1,$47.36,0.3,13.36
NM202401914034,2024-01-23,2024-01-26,CU0057,PR511,central,FURNITURE,Chairs,4,$475.24,0,224.56
NM202401582940,2024-01-19,2024-01-24,CU0217,PR523, Central,OFFICE SUPPLIES,Art,7,$357.21,0,86.66
NM202401296220,2024-01-30,2024-02-06,CU0103,PR506,south,Technology,Accessories,2,"$1,111.46",0.15,454.9
NM202401943709,2024-01-25,2024-01-30,CU0169,PR513,South,Furniture,Tables,7,"$1,244.80",0.3,-127.41
NM202401605050,2024-01-11,2024-01-12,CU0170,PR515, South,Furniture,Bookcases,3,"$1,545.24",0.1,
NM202401238986,2024-01-26,2024-01-27,CU0127,PR506,SOUTH,Technology,Accessories,4,"$1,046.08",0.6,-267.04
NM202401703433,2024-01-06,2024-01-08,CU0046,PR520,South ,Office Supplies,Paper,5,$44.55,0.1,18.5
NM202401946659,2024-01-27,2024-01-29,CU0178,PR518, West,office supplies,Paper,1,$47.36,0.3,13.36
NM202401912628,"Jan 06, 2024","Jan 06, 2024",CU0179,PR506,South ,Technology,Accessories,2,$523.04,0.6,-133.52
NM202401550231,2024-01-14,2024-01-19,CU0054,PR512, South,Furniture,Tables,1,$696.95,0,189.39
NM202401744331,2024-01-02,2024-01-09,CU0028,PR508, East,Technology,Machines,3,$585.10,0.15,230.38
NM202401906113,2024-01-31,2024-02-03,CU0010,PR501,east,Technology,Phones,3,"$3,120.18",0,979.95
NM202401329630,2024-01-04,2024-01-05,CU0181,PR519,east,OFFICE SUPPLIES,Paper,1,$11.26,0,4.07
NM202401977321,2024-01-21,2024-01-24,CU0057,PR514,CENTRAL,furniture,Bookcases,2,$529.94,0,209.88
NM202401659323,2024-01-27,2024-01-31,CU0057,PR518,CENTRAL,office supplies,Paper,5,$287.51,0.15,117.51
NM202401144680,"Jan 12, 2024","Jan 16, 2024",CU0126,PR504,SOUTH,Technology,Accessories,3,"$2,183.76",0,903.99
NM202401196507,2024-01-10,2024-01-12,CU0211,PR519,central,Office Supplies,Paper,1,$9.57,0.15,2.38
NM202401331966,26-Jan-2024,28-Jan-2024,CU0187,PR524,EAST,OFFICE SUPPLIES,Art,8,$608.47,0.1,80.95
NM202401283763,2024-01-30,2024-02-01,CU0195,PR520,South,office supplies,Paper,5,$39.60,0.2,13.55
NM202401241318,2024-01-06,2024-01-07,CU0124,PR510,east,FURNITURE,Chairs,7,"$1,019.09",0.4,-148.58
NM202401724142,2024-01-06,2024-01-08,CU0045,PR508,SOUTH,Technology,Machines,3,$585.10,0.15,230.38
NM202401477758,2024-01-30,2024-02-02,CU0083,PR513,CENTRAL,Furniture,Tables,2,$457.27,0.1,65.21
NM202401595070,2024-01-02,2024-01-07,CU0238,PR503,Central,Technology,Phones,1,$131.66,0.15,33.57
NM202401215949,2024-01-07,2024-01-13,CU0151,PR512,CENTRAL,Furniture,Tables,6,"$2,927.19",0.3,-118.17
NM202401590690,2024-01-13,2024-01-13,CU0010,PR515,EAST,furniture,Bookcases,4,"$2,289.24",0,1022.12
NM202401372731,2024-01-02,2024-01-06,CU0039,PR502,EAST,Technology,Phones,2,$570.96,0.1,246.08
NM202401762091,2024-01-06,2024-01-13,CU0211,PR520,Central ,Office Supplies,Paper,2,$19.80,0,9.38
NM202401410084,2024-01-11,2024-01-16,CU0040,PR507, West,Technology,Machines,3,$128.07,0,68.52
NM202401103575,2024-01-21,2024-01-26,CU0025,PR522,WEST,OFFICE SUPPLIES,Storage,6,$212.62,0.15,80.5
NM202401750095,2024-01-14,2024-01-19,CU0071,PR515,East ,FURNITURE,Bookcases,1,$515.08,0.1,198.3
NM202401879460,2024-01-09,2024-01-09,CU0183,PR505, Central,Technology,Accessories,5,$776.96,0.2,214.36
NM202401371439,2024-01-23,2024-01-27,CU0109,PR515, Central,furniture,Bookcases,5,"$2,861.55",0,1277.65
NM202401169552,2024-01-26,2024-01-29,CU0145,PR524,south,Office Supplies,Art,1,$67.61,0.2,1.67
NM202401937680,2024-01-02,2024-01-03,CU0126,PR510,south,furniture,Chairs,5,"$1,213.20",0,379.15
NM202401971477,2024-01-29,2024-01-30,CU0145,PR506, South,Technology,Accessories,2,$915.32,0.3,258.76
NM202401401404,2024-01-12,2024-01-15,CU0207,PR506,central,Technology,Accessories,6,"$3,530.52",0.1,1560.84
NM202401886671,2024-01-30,2024-02-01,CU0059,PR505, South,Technology,Accessories,6,$466.18,0.6,-208.94
NM202401622598,2024-01-23,2024-01-23,CU0041,PR516,SOUTH,OFFICE SUPPLIES,Binders,7,$53.98,,19.82
NM202401331646,2024-01-01,2024-01-08,CU0222,PR521,west,office supplies,Storage,8,$398.40,0,94.56
NM202401409843,2024-01-03,2024-01-07,CU0212,PR507, East,Technology,Machines,5,$213.45,0,114.2
NM202401794106,2024-01-30,2024-02-03,CU0196,PR518,East ,Office Supplies,Paper,6,$365.31,0.1,161.31
NM202401289834,2024-01-06,2024-01-12,CU0181,PR506, East,TECHNOLOGY,Accessories,4,"$2,092.16",0.2,779.04
NM202401846010,2024-01-27,2024-02-01,CU0100,PR515, Central,FURNITURE,Bookcases,4,"$2,289.24",0,1022.12
NM202401682290,2024-01-14,2024-01-20,CU0195,PR522,SOUTH,office supplies,Storage,7,$291.83,0,137.69
NM202401829426,2024-01-11,2024-01-15,CU0072,PR501,South ,technology,Phones,3,"$2,652.15",0.15,511.92
NM202401254521,2024-01-16,2024-01-17,CU0056,PR512,EAST,furniture,Tables,3,"$1,672.68",0.2,150.0
NM202401401242,2024-01-19,2024-01-23,CU0239,PR522,SOUTH,OFFICE SUPPLIES,Storage,8,$333.52,0,157.36
NM202401793006,2024-01-21,2024-01-23,CU0055,PR505,WEST,TECHNOLOGY,Accessories,3,$524.45,0.1,186.89
NM202401518115,2024-01-12,2024-01-19,CU0067,PR502,East,TECHNOLOGY,Phones,2,$634.40,0,309.52
NM202401223441,2024-01-03,2024-01-08,CU0051,PR506, South,Technology,Accessories,3,"$1,765.26",0.1,780.42
NM202401773930,2024-01-08,2024-01-15,CU0084,PR513,South ,furniture,Tables,7,"$1,600.45",0.1,228.24
NM202401320561,18-Jan-2024,20-Jan-2024,CU0208,PR524,West ,Office Supplies,Art,8,$574.67,0.15,47.15
NM202401883795,2024-01-15,2024-01-19,CU0215,PR513,East ,furniture,Tables,5,$889.14,0.3,-91.01
NM202401608023,14-Jan-2024,21-Jan-2024,CU0101,PR502,SOUTH,TECHNOLOGY,Phones,7,"$2,220.40",0,1083.32
NM202401625978,2024-01-25,2024-01-29,CU0113,PR503,South,TECHNOLOGY,Phones,3,$394.97,0.15,100.7
NM202401259220,2024-01-12,2024-01-14,CU0035,PR518,Central,Office Supplies,Paper,1,$40.59,0.4,6.59
NM202401166881,2024-01-21,2024-01-28,CU0185,PR501,East,Technology,Phones,1,$936.05,0.1,222.64
NM202401562537,2024-01-11,2024-01-17,CU0159,PR519, Central,office supplies,Paper,1,$10.13,0.1,2.94
NM202401644142,2024-01-25,2024-01-26,CU0202,PR513,central,Furniture,Tables,1,$228.64,0.1,32.61
NM202401946992,22-Jan-2024,22-Jan-2024,CU0197,PR508,WEST,technology,Machines,4,$367.12,0.6,-105.84
NM202401177263,2024-01-22,2024-01-29,CU0214,PR519,Central ,office supplies,Paper,2,$18.02,0.2,3.64
NM202401683790,2024-01-12,2024-01-18,CU0206,PR522,East,Office Supplies,Storage,5,$187.60,0.1,77.5
NM202401886209,2024-01-20,2024-01-21,CU0090,PR520,SOUTH,Office Supplies,Paper,3,$11.88,,-3.75
NM202401464297,2024-01-24,2024-01-24,CU0002,PR524,west,Office Supplies,Art,5,$253.53,0.4,-76.17
NM202401672506,2024-01-18,2024-01-20,CU0143,PR520,SOUTH,Office Supplies,Paper,5,$29.70,0.4,3.65
NM202401185288,2024-01-18,2024-01-24,CU0028,PR502,EAST,technology,Phones,6,"$1,903.20",0,928.56
NM202401528070,2024-01-26,2024-01-31,CU0155,PR521,SOUTH,Office Supplies,Storage,4,$79.68,0.6,-72.24
NM202401219830,2024-01-09,2024-01-11,CU0118,PR512,SOUTH,Furniture,Tables,6,"$4,181.70",0,1136.34
NM202401551970,2024-01-01,2024-01-01,CU0237,PR502, West,Technology,Phones,1,$269.62,0.15,107.18
NM202401744323,"Jan 11, 2024","Jan 11, 2024",CU0126,PR504,South ,TECHNOLOGY,Accessories,1,$618.73,0.15,192.14
NM202401810526,2024-01-01,2024-01-01,CU0080,PR513,south,Furniture,Tables,6,"$1,371.82",0.1,195.64
NM202401978860,2024-01-11,2024-01-16,CU0118,PR502,SOUTH,Technology,Phones,4,"$1,268.80",,619.04
NM202401881254,2024-01-22,2024-01-23,CU0014,PR509,SOUTH,TECHNOLOGY,Machines,4,"$2,119.90",0.2,775.06
NM202401212151,"Jan 14, 2024","Jan 20, 2024",CU0138,PR513,SOUTH,FURNITURE,Tables,8,"$2,032.32",0,464.08
NM202401211208,2024-01-18,2024-01-21,CU0027,PR524,EAST,Office Supplies,Art,8,$676.08,0,148.56
NM202401636965,2024-01-31,2024-02-05,CU0196,PR524, East,Office Supplies,Art,6,$507.06,0,111.42
NM202401320736,2024-01-08,2024-01-14,CU0127,PR521,South,OFFICE SUPPLIES,Storage,2,$99.60,0,23.64
NM202401225669,2024-01-23,2024-01-26,CU0194,PR521,West,office supplies,Storage,5,$174.30,0.3,-15.6
NM202401114025,2024-01-31,2024-02-07,CU0157,PR513,South,Furniture,Tables,1,$101.62,0.6,-94.41
NM202401898343,2024-01-01,2024-01-06,CU0002,PR506,west,Technology,Accessories,8,"$4,445.84",0.15,1819.6
NM202401459301,2024-01-20,2024-01-26,CU0124,PR513,East,FURNITURE,Tables,2,$508.08,0,116.02
NM202401876281,2024-01-10,2024-01-11,CU0101,PR524,South ,office supplies,Art,3,$152.12,0.4,-45.7
NM202401666650,2024-01-04,2024-01-08,CU0134,PR515, Central,Furniture,Bookcases,5,"$2,861.55",0,1277.65
NM202401655820,2024-01-11,2024-01-18,CU0232,PR510,Central ,furniture,Chairs,1,$242.64,0,75.83
NM202401657367,2024-01-13,2024-01-14,CU0020,PR512,CENTRAL,FURNITURE,Tables,3,$836.34,0.6,-686.34
NM202401886167,2024-01-13,2024-01-14,CU0093,PR515,east,FURNITURE,Bookcases,4,"$2,289.24",0,1022.12
NM202401246686,2024-01-01,2024-01-08,CU0034,PR502, East,technology,Phones,5,$634.40,0.6,-177.8
NM202401927812,2024-01-15,2024-01-18,CU0143,PR512, South,FURNITURE,Tables,2,$975.73,0.3,-39.39
NM202401508497,2024-01-23,2024-01-24,CU0113,PR505, South,Technology,Accessories,5,$388.48,0.6,-174.12
NM202401695852,2024-01-20,2024-01-25,CU0052,PR506,east,Technology,Accessories,5,"$2,778.65",0.15,1137.25
NM202401339315,"Jan 06, 2024","Jan 12, 2024",CU0113,PR515,SOUTH,FURNITURE,Bookcases,4,"$1,831.39",0.2,564.27
NM202401257247,"Jan 16, 2024","Jan 17, 2024",CU0026,PR511, South,Furniture,Chairs,2,$237.62,0,112.28
NM202401641485,2024-01-13,2024-01-19,CU0084,PR512,South,Furniture,Tables,5,"$2,962.04",0.15,424.24
NM202401573061,2024-01-11,2024-01-13,CU0087,PR507, South,Technology,Machines,4,$145.15,0.15,65.75
NM202401146693,2024-01-20,2024-01-23,CU0039,PR507,EAST,Technology,Machines,7,$298.83,0,159.88
NM202401846263,2024-01-23,2024-01-24,CU0078,PR501,South,Technology,Phones,3,"$2,496.14",0.2,355.91
NM202401635476,22-Jan-2024,26-Jan-2024,CU0068,PR503,West,Technology,Phones,6,$650.54,0.3,62.0
NM202401256262,2024-01-29,2024-01-30,CU0049,PR514,Central,furniture,Bookcases,8,"$1,801.80",0.15,521.56
NM202401201901,2024-01-02,2024-01-06,CU0169,PR504,SOUTH,technology,Accessories,3,"$2,183.76",0,903.99
NM202401186211,2024-01-07,2024-01-07,CU0149,PR512,WEST,Furniture,Tables,4,"$2,787.80",0,757.56
NM202401256017,2024-01-09,2024-01-16,CU0145,PR514,south,FURNITURE,Bookcases,8,"$1,907.78",0.1,627.54
NM202401491783,"Jan 28, 2024","Feb 03, 2024",CU0080,PR524,SOUTH,office supplies,Art,6,$405.65,0.2,10.01
NM202401960084,2024-01-26,2024-01-27,CU0228,PR503,West,Technology,Phones,6,$789.94,0.15,201.4
NM202401566371,2024-01-11,2024-01-16,CU0204,PR511,Central ,Furniture,Chairs,7,$706.92,0.15,268.23
NM202401227646,2024-01-14,2024-01-18,CU0175,PR515,central,Furniture,Bookcases,4,"$1,831.39",0.2,564.27
NM202401869577,2024-01-22,2024-01-29,CU0229,PR517,Central ,Office Supplies,Binders,5,$309.54,0.3,70.24
NM202401583669,2024-01-14,2024-01-19,CU0104,PR516,east,OFFICE SUPPLIES,Binders,8,$65.55,0.15,26.51
NM202401181765,2024-01-12,2024-01-17,CU0087,PR507,SOUTH,Technology,Machines,1,$29.88,0.3,10.03
NM202401926119,2024-01-23,2024-01-25,CU0040,PR507,West,Technology,Machines,6,$179.30,0.3,60.2
NM202401677112,2024-01-11,2024-01-11,CU0154,PR504,south,TECHNOLOGY,Accessories,5,"$3,639.60",0,1506.65
NM202401612886,2024-01-03,2024-01-09,CU0008,PR520,South,Office Supplies,Paper,2,$19.80,0,9.38
NM202401384823,"Jan 30, 2024","Jan 30, 2024",CU0057,PR502,Central ,technology,Phones,1,$190.32,0.4,27.88
NM202401135071,2024-01-08,2024-01-08,CU0148,PR516,south,Office Supplies,Binders,7,$67.48,0,
NM202401137366,2024-01-04,2024-01-05,CU0006,PR515,South,FURNITURE,Bookcases,6,"$2,747.09",0.2,846.41
NM202401407068,2024-01-26,2024-02-01,CU0129,PR514,south,Furniture,Bookcases,5,"$1,059.88",0.2,259.73
NM202401316913,2024-01-28,2024-01-31,CU0041,PR516,south,Office Supplies,Binders,1,$8.68,0.1,3.8
NM202401194882,2024-01-26,2024-01-28,CU0048,PR512,west,furniture,Tables,4,"$2,230.24",0.2,200.0
NM202401570223,2024-01-25,2024-01-26,CU0148,PR503,south,TECHNOLOGY,Phones,8,"$1,239.12",0,454.4
NM202401345483,2024-01-12,2024-01-14,CU0172,PR524,central,Office Supplies,Art,1,$67.61,0.2,1.67
NM202401488868,2024-01-18,2024-01-25,CU0053,PR504,East,TECHNOLOGY,Accessories,3,"$2,183.76",0,903.99
NM202401533019,2024-01-19,2024-01-24,CU0082,PR520,East,Office Supplies,Paper,3,$25.25,0.15,9.62
NM202401541737,2024-01-21,2024-01-25,CU0194,PR507,west,Technology,Machines,7,$298.83,0,159.88
NM202401350490,2024-01-25,2024-02-01,CU0227,PR509,West ,Technology,Machines,4,"$2,649.88",0,1305.04
NM202401365973,2024-01-17,2024-01-21,CU0005,PR520,east,Office Supplies,Paper,1,$9.90,0,4.69
NM202401382718,30-Jan-2024,31-Jan-2024,CU0175,PR509,central,Technology,Machines,7,"$4,637.29",0,2283.82
NM202401714411,2024-01-24,2024-01-31,CU0225,PR501,West,Technology,Phones,6,"$5,616.32",0.1,1335.86
NM202401840371,2024-01-15,2024-01-19,CU0023,PR514, Central,Furniture,Bookcases,6,"$1,351.35",0.15,391.17
NM202401541479,2024-01-03,2024-01-07,CU0131,PR524,Central ,Office Supplies,Art,5,$359.17,0.15,29.47
NM202401538983,2024-01-03,2024-01-03,CU0002,PR512,WEST,furniture,Tables,4,"$2,787.80",0,757.56
NM202401514838,2024-01-07,2024-01-08,CU0048,PR501,West ,TECHNOLOGY,Phones,8,"$7,072.41",0.15,1365.13
NM202401760369,2024-01-20,2024-01-26,CU0158,PR516,South,OFFICE SUPPLIES,Binders,6,$57.84,0,28.56
NM202401570762,2024-01-08,2024-01-09,CU0063,PR511, Central,Furniture,Chairs,4,$475.24,0,224.56
NM202401353956,2024-01-31,2024-02-07,CU0064,PR506,West,TECHNOLOGY,Accessories,3,"$1,961.40",0,976.56
NM202401441302,2024-01-14,2024-01-16,CU0081,PR511,East,furniture,Chairs,7,$831.67,0,392.98
NM202401404545,"Jan 17, 2024","Jan 20, 2024",CU0035,PR508,CENTRAL,technology,Machines,2,$367.12,0.2,
NM202401523982,2024-01-25,2024-01-31,CU0163,PR506,central,TECHNOLOGY,Accessories,3,"$1,667.19",0.15,682.35
NM202401304973,2024-01-23,2024-01-23,CU0076,PR521,CENTRAL,office supplies,Storage,5,$224.10,0.1,34.2
NM202401230396,2024-01-01,2024-01-07,CU0173,PR522,West ,Office Supplies,Storage,6,$200.11,0.2,67.99
NM202401541419,2024-01-26,2024-01-31,CU0040,PR505,West ,TECHNOLOGY,Accessories,7,"$1,155.73",0.15,368.09
NM202401134853,2024-01-24,2024-01-24,CU0228,PR523,West ,Office Supplies,Art,7,$357.21,0,86.66
NM202401598293,2024-01-16,2024-01-18,CU0139,PR517,West,Office Supplies,Binders,8,$601.39,0.15,218.51
NM202401720165,2024-01-05,2024-01-06,CU0223,PR506,central,technology,Accessories,3,"$1,372.98",0.3,388.14
NM202401481461,2024-01-18,2024-01-20,CU0211,PR514,central,FURNITURE,Bookcases,2,$450.45,0.15,130.39
NM202401632365,2024-01-30,2024-02-02,CU0204,PR503,central,Technology,Phones,6,$650.54,0.3,62.0
NM202401331984,"Jan 25, 2024","Jan 28, 2024",CU0228,PR504,west,Technology,Accessories,3,"$1,528.63",0.3,248.86
NM202401857124,2024-01-16,2024-01-23,CU0100,PR510,CENTRAL,FURNITURE,Chairs,4,$970.56,0,303.32
NM202401247182,2024-01-05,2024-01-11,CU0027,PR521,East,OFFICE SUPPLIES,Storage,4,$119.52,0.4,-32.4
NM202401451588,2024-01-16,2024-01-21,CU0122,PR502, East,Technology,Phones,5,"$1,586.00",,773.8
NM202401542941,08-Jan-2024,13-Jan-2024,CU0185,PR501,EAST,Technology,Phones,4,"$4,160.24",0,1306.6
NM202401957465,2024-01-10,2024-01-13,CU0151,PR509,CENTRAL,Technology,Machines,3,"$1,788.67",0.1,780.04
NM202401433902,2024-01-14,2024-01-17,CU0152,PR505, East,technology,Accessories,6,$815.81,0.3,140.69
NM202401914103,2024-01-07,2024-01-08,CU0056,PR504,East ,technology,Accessories,8,"$3,494.02",0.4,81.3
NM202401943212,2024-01-08,2024-01-14,CU0075,PR505,West,Technology,Accessories,1,$155.39,0.2,42.87
NM202401574742,2024-01-26,2024-02-02,CU0174,PR522,East,Office Supplies,Storage,8,$266.82,0.2,
NM202401995222,2024-01-05,2024-01-07,CU0094,PR511,East ,Furniture,Chairs,1,$95.05,0.2,32.38
NM202401594352,2024-01-07,2024-01-08,CU0134,PR504,CENTRAL,TECHNOLOGY,Accessories,6,"$4,367.52",,1807.98
NM202401861068,2024-01-26,2024-01-31,CU0065,PR504,SOUTH,Technology,Accessories,6,"$4,367.52",0,1807.98
NM202401893970,2024-01-29,2024-02-05,CU0090,PR511, South,furniture,Chairs,7,$665.34,0.2,226.65
NM202401503953,2024-01-08,2024-01-14,CU0138,PR511, South,Furniture,Chairs,7,$499.00,0.4,60.31
NM202401619606,"Jan 05, 2024","Jan 11, 2024",CU0108,PR520, East,office supplies,Paper,8,$79.20,0,37.52
NM202401228455,2024-01-16,2024-01-23,CU0182,PR511,East,Furniture,Chairs,4,$285.14,0.4,34.46
NM202401319565,"Jan 29, 2024","Feb 02, 2024",CU0108,PR506,east,Technology,Accessories,7,"$3,890.11",0.15,1592.15
NM202401301277,2024-01-21,2024-01-27,CU0043,PR514,South ,Furniture,Bookcases,7,"$1,669.31",0.1,549.1
NM202401482175,2024-01-17,2024-01-19,CU0033,PR522, South,office supplies,Storage,1,$33.35,0.2,11.33
NM202401687656,2024-01-30,2024-02-04,CU0227,PR521,West,Office Supplies,Storage,8,$338.64,0.15,34.8
NM202401505091,2024-01-08,2024-01-12,CU0029,PR520,West,OFFICE SUPPLIES,Paper,8,$47.52,0.4,5.84
NM202401734789,2024-01-04,2024-01-05,CU0096,PR524,east,Office Supplies,Art,7,$591.57,0,129.99
NM202401384485,2024-01-31,2024-02-06,CU0130,PR505,Central,Technology,Accessories,2,$388.48,0,163.44
NM202401735888,2024-01-16,2024-01-17,CU0038,PR504,SOUTH,Technology,Accessories,4,"$1,747.01",0.4,40.65
NM202401631781,2024-01-29,2024-01-30,CU0167,PR502,south,TECHNOLOGY,Phones,8,"$2,283.84",,984.32
NM202401334646,24-Jan-2024,26-Jan-2024,CU0026,PR522,South ,Office Supplies,Storage,7,$175.10,0.4,20.96
NM202401413792,2024-01-24,2024-01-27,CU0144,PR518, West,Office Supplies,Paper,8,$432.96,0.2,160.96
NM202401513975,2024-01-19,2024-01-21,CU0073,PR524,WEST,office supplies,Art,1,$59.16,0.3,-6.78
NM202401689663,2024-01-09,2024-01-16,CU0093,PR505,East,Technology,Accessories,2,$388.48,0,163.44
NM202401404735,2024-01-12,2024-01-12,CU0187,PR520, East,Office Supplies,Paper,6,$53.46,,22.2
NM202401241541,2024-01-26,2024-01-31,CU0054,PR519,South,Office Supplies,Paper,7,$67.00,0.15,16.67
NM202401750393,2024-01-18,2024-01-18,CU0219,PR519, West,office supplies,Paper,1,$11.26,0,4.07
NM202401210235,2024-01-06,2024-01-12,CU0089,PR512,WEST,furniture,Tables,2,"$1,393.90",0,378.78
NM202401485622,31-Jan-2024,06-Feb-2024,CU0205,PR504,central,Technology,Accessories,8,"$4,949.86",0.15,1537.14
NM202401863217,2024-01-06,2024-01-08,CU0157,PR524,south,Office Supplies,Art,6,$507.06,0,111.42
NM202401106526,2024-01-28,2024-02-01,CU0081,PR520,east,Office Supplies,Paper,5,$29.70,0.4,3.65
NM202401523586,2024-01-30,2024-01-30,CU0102,PR501, West,Technology,Phones,8,"$4,992.29",0.4,-714.99
NM202401924220,2024-01-12,2024-01-14,CU0029,PR514,West,furniture,Bookcases,1,$238.47,0.1,78.44
NM202401525598,"Jan 13, 2024","Jan 18, 2024",CU0104,PR506, East,Technology,Accessories,6,"$3,530.52",0.1,1560.84
NM202401541165,2024-01-08,2024-01-12,CU0070,PR516,CENTRAL,Office Supplies,Binders,1,$9.64,0,4.76
NM202401546778,01-Jan-2024,03-Jan-2024,CU0126,PR519,South,Office Supplies,Paper,6,$47.29,0.3,4.15
NM202401852394,2024-01-23,2024-01-28,CU0128,PR521,EAST,office supplies,Storage,7,$348.60,0,82.74
NM202401721820,2024-01-20,2024-01-27,CU0069,PR518, East,office supplies,Paper,7,$426.20,0.1,188.2
NM202401642893,2024-01-01,2024-01-04,CU0072,PR518,south,office supplies,Paper,5,$304.43,0.1,134.43
NM202401160544,2024-01-04,2024-01-08,CU0118,PR501, South,Technology,Phones,1,"$1,040.06",0,326.65
NM202401657590,2024-01-31,2024-02-01,CU0138,PR513,SOUTH,FURNITURE,Tables,4,$914.54,0.1,130.42
NM202401768164,2024-01-16,2024-01-20,CU0039,PR515,East ,FURNITURE,Bookcases,5,"$2,861.55",0,1277.65
NM202401502455,2024-01-07,2024-01-14,CU0054,PR514,South,furniture,Bookcases,3,$635.93,0.2,155.84
NM202401488055,2024-01-13,2024-01-16,CU0134,PR520,Central ,Office Supplies,Paper,2,$19.80,0,9.38
NM202401863342,2024-01-26,2024-01-31,CU0214,PR515, Central,furniture,Bookcases,5,"$1,716.93",0.4,133.03
NM202401343869,2024-01-25,2024-01-28,CU0151,PR501,CENTRAL,technology,Phones,4,"$2,496.14",0.4,-357.5
NM202401662621,2024-01-15,2024-01-16,CU0158,PR501,South ,technology,Phones,3,"$3,120.18",0,979.95
NM202401738566,2024-01-14,2024-01-21,CU0024,PR516,EAST,OFFICE SUPPLIES,Binders,5,$38.56,0.2,14.16
NM202401483012,2024-01-29,2024-01-29,CU0152,PR522,East ,Office Supplies,Storage,3,$112.56,0.1,46.5
NM202401583344,2024-01-16,2024-01-21,CU0091,PR524,West,Office Supplies,Art,2,$169.02,0,37.14
NM202401189573,2024-01-30,2024-02-01,CU0199,PR507,Central,TECHNOLOGY,Machines,3,$108.86,0.15,49.31
NM202401661764,2024-01-07,2024-01-10,CU0039,PR515,East,FURNITURE,Bookcases,5,"$2,575.39",0.1,991.5
NM202401278155,2024-01-12,2024-01-12,CU0097,PR505, Central,TECHNOLOGY,Accessories,3,$407.90,0.3,70.34
NM202401851486,2024-01-29,2024-02-05,CU0009,PR503,West,technology,Phones,2,$278.80,,
NM202401423542,2024-01-15,2024-01-21,CU0013,PR514,central,Furniture,Bookcases,8,"$2,119.76",0,839.52
NM202401406490,2024-01-19,2024-01-25,CU0161,PR506,CENTRAL,technology,Accessories,7,"$4,118.94",0.1,1820.98
NM202401765528,2024-01-18,2024-01-25,CU0034,PR509,east,technology,Machines,7,"$4,173.56",0.1,1820.09
NM202401551887,2024-01-09,2024-01-15,CU0192,PR520,Central ,Office Supplies,Paper,5,$44.55,0.1,18.5
NM202401667330,2024-01-31,2024-02-06,CU0136,PR505,central,technology,Accessories,7,"$1,359.68",,572.04
NM202401460934,2024-01-20,2024-01-22,CU0213,PR518, South,Office Supplies,Paper,8,$378.84,0.3,106.84
NM202401987414,2024-01-10,2024-01-13,CU0230,PR520,Central,Office Supplies,Paper,4,$31.68,0.2,10.84
NM202401364931,2024-01-26,2024-01-30,CU0119,PR522, West,Office Supplies,Storage,3,$125.07,0,59.01
NM202401278106,2024-01-29,2024-02-05,CU0047,PR514,East ,Furniture,Bookcases,1,$238.47,0.1,78.44
NM202401314175,2024-01-16,2024-01-18,CU0186,PR504, East,Technology,Accessories,5,"$3,639.60",0,1506.65
NM202401779976,2024-01-16,2024-01-16,CU0198,PR502, East,technology,Phones,4,"$1,141.92",0.1,492.16
NM202401179150,2024-01-02,2024-01-09,CU0027,PR508, East,technology,Machines,7,"$1,606.15",0,778.47
NM202401919794,2024-01-30,2024-01-30,CU0098,PR524,CENTRAL,Office Supplies,Art,2,$118.31,0.3,-13.57
NM202401401568,2024-01-27,2024-02-03,CU0199,PR524,Central,Office Supplies,Art,1,$84.51,0,18.57
NM202401245145,2024-01-01,2024-01-01,CU0063,PR517, Central,Office Supplies,Binders,2,$150.35,0.15,54.63
NM202401624342,2024-01-31,2024-02-01,CU0058,PR524,east,OFFICE SUPPLIES,Art,2,$152.12,0.1,20.24
NM202401261814,2024-01-07,2024-01-11,CU0087,PR515,SOUTH,Furniture,Bookcases,1,$486.46,0.15,169.68
NM202401143064,2024-01-09,2024-01-13,CU0177,PR519,West ,OFFICE SUPPLIES,Paper,1,$7.88,0.3,0.69
NM202401353127,2024-01-01,2024-01-02,CU0089,PR518, West,Office Supplies,Paper,8,$541.20,0,269.2
NM202401942553,2024-01-24,2024-01-24,CU0153,PR523,South ,Office Supplies,Art,4,$204.12,0,49.52
NM202401328673,"Jan 20, 2024","Jan 20, 2024",CU0060,PR510,south,Furniture,Chairs,3,$291.17,0.6,-209.26
NM202401893695,2024-01-26,2024-02-02,CU0235,PR509, East,Technology,Machines,2,"$1,059.95",0.2,387.53
NM202401945990,2024-01-31,2024-02-05,CU0185,PR503,east,Technology,Phones,5,$619.56,0.2,129.11
NM202401925711,2024-01-29,2024-01-29,CU0143,PR501,south,Technology,Phones,6,"$6,240.36",0,1959.9
NM202401437137,2024-01-04,2024-01-06,CU0147,PR516,West ,Office Supplies,Binders,3,$24.58,0.15,9.94
NM202401330076,2024-01-10,2024-01-17,CU0015,PR502,east,TECHNOLOGY,Phones,4,$888.16,0.3,238.4
NM202401375566,05-Jan-2024,06-Jan-2024,CU0230,PR518, Central,Office Supplies,Paper,1,$60.89,0.1,26.89
NM202401374516,2024-01-15,2024-01-15,CU0089,PR505,West,technology,Accessories,1,$194.24,0,81.72
NM202401772403,2024-01-21,2024-01-23,CU0005,PR521,East,Office Supplies,Storage,2,$89.64,0.1,13.68
NM202401844909,"Jan 16, 2024","Jan 18, 2024",CU0018,PR510,south,FURNITURE,Chairs,5,"$1,213.20",0,379.15
NM202401817120,2024-01-30,2024-02-02,CU0032,PR501,Central,technology,Phones,4,"$3,536.20",0.15,682.56
NM202401858328,2024-01-08,2024-01-09,CU0218,PR521,east,office supplies,Storage,5,$224.10,0.1,34.2
NM202401763629,04-Jan-2024,10-Jan-2024,CU0117,PR511, South,furniture,Chairs,1,$118.81,0,56.14
NM202401866905,2024-01-03,2024-01-06,CU0137,PR517,South ,Office Supplies,Binders,4,$318.38,0.1,126.94
NM202401574884,10-Jan-2024,11-Jan-2024,CU0149,PR506,west,Technology,Accessories,6,"$3,138.24",0.2,1168.56
NM202401462014,2024-01-23,2024-01-30,CU0216,PR501,SOUTH,Technology,Phones,5,"$4,680.27",0.1,1113.22
NM202401997793,2024-01-25,2024-01-26,CU0134,PR511,central,Furniture,Chairs,8,$665.34,0.3,163.98
NM202401585188,2024-01-09,2024-01-09,CU0024,PR520,EAST,Office Supplies,Paper,8,$31.68,0.6,-10.0
NM202401106267,2024-01-02,2024-01-03,CU0196,PR516,East,Office Supplies,Binders,5,$33.74,0.3,9.34
NM202401343346,2024-01-02,2024-01-04,CU0214,PR514,Central,Furniture,Bookcases,8,"$2,119.76",0,839.52
NM202401310438,2024-01-04,2024-01-09,CU0237,PR506, West,Technology,Accessories,2,"$1,046.08",0.2,389.52
NM202401129659,2024-01-27,2024-01-31,CU0036,PR522,Central ,Office Supplies,Storage,6,$250.14,0,118.02
NM202401762493,13-Jan-2024,19-Jan-2024,CU0004,PR523,South ,office supplies,Art,2,$102.06,0,24.76
NM202401237765,"Jan 24, 2024","Jan 25, 2024",CU0105,PR509,EAST,TECHNOLOGY,Machines,7,"$1,854.92",0.6,-498.55
NM202401268178,2024-01-16,2024-01-16,CU0177,PR505, West,Technology,Accessories,5,$776.96,0.2,214.36
NM202401523278,2024-01-23,2024-01-27,CU0195,PR516, South,Office Supplies,Binders,1,$9.64,0,
NM202401552917,2024-01-11,2024-01-11,CU0060,PR511,South ,Furniture,Chairs,3,$142.57,0.6,
NM202401793368,2024-01-14,2024-01-15,CU0070,PR507,central,technology,Machines,7,$298.83,0,159.88
NM202401642083,2024-01-10,2024-01-11,CU0201,PR508,South,Technology,Machines,2,$413.01,0.1,176.53
NM202401414582,"Jan 10, 2024","Jan 10, 2024",CU0064,PR514, West,Furniture,Bookcases,1,$185.48,0.3,25.45
NM202401932400,2024-01-18,2024-01-18,CU0027,PR501, East,TECHNOLOGY,Phones,1,$884.05,0.15,170.64
NM202401983783,2024-01-01,2024-01-06,CU0197,PR502,West,Technology,Phones,4,"$1,268.80",0,619.04
NM202401586920,"Jan 28, 2024","Feb 02, 2024",CU0129,PR511, South,furniture,Chairs,6,$712.86,0,336.84
NM202401948236,2024-01-24,2024-01-28,CU0011,PR517,west,Office Supplies,Binders,8,$707.52,0,324.64
NM202401770087,2024-01-17,2024-01-20,CU0030,PR502,West ,TECHNOLOGY,Phones,4,"$1,268.80",0,619.04
NM202401411013,2024-01-04,2024-01-05,CU0150,PR507,South,technology,Machines,6,$230.53,0.1,111.43
NM202401942482,2024-01-06,2024-01-07,CU0093,PR502,east,Technology,Phones,5,"$1,427.40",0.1,615.2
NM202401462736,2024-01-03,2024-01-08,CU0096,PR514, East,furniture,Bookcases,1,$264.97,0,104.94
NM202401172027,2024-01-29,2024-02-03,CU0227,PR521, West,OFFICE SUPPLIES,Storage,6,$298.80,0,70.92
NM202401108239,2024-01-27,2024-02-03,CU0134,PR501,Central,TECHNOLOGY,Phones,3,"$1,872.11",0.4,-268.12
NM202401607080,2024-01-27,2024-01-27,CU0056,PR513,East,Furniture,Tables,3,$647.80,0.15,59.71
NM202401540785,2024-01-10,2024-01-16,CU0139,PR508,West ,Technology,Machines,4,$780.13,0.15,307.17
NM202401838279,2024-01-30,2024-02-03,CU0036,PR502, Central,Technology,Phones,2,$380.64,,55.76
NM202401979202,2024-01-07,2024-01-07,CU0184,PR504,East ,technology,Accessories,4,"$2,620.51",0.1,914.15
NM202401707013,2024-01-13,2024-01-19,CU0035,PR524,Central ,Office Supplies,Art,1,$33.80,0.6,-32.14
NM202401673214,2024-01-11,2024-01-16,CU0182,PR507,East ,TECHNOLOGY,Machines,2,$85.38,0,45.68
NM202401976468,2024-01-31,2024-02-03,CU0200,PR501,East ,TECHNOLOGY,Phones,5,"$3,640.21",0.3,73.16
NM202401949662,2024-01-17,2024-01-19,CU0149,PR501,WEST,technology,Phones,5,"$4,420.25",0.15,853.2
NM202401752549,"Jan 01, 2024","Jan 06, 2024",CU0011,PR517,West ,Office Supplies,Binders,8,$601.39,0.15,218.51
NM202401235367,2024-01-20,2024-01-24,CU0134,PR510,Central,furniture,Chairs,4,$776.45,0.2,109.21
NM202401475802,"Jan 03, 2024","Jan 09, 2024",CU0107,PR505, South,TECHNOLOGY,Accessories,6,"$1,048.90",0.1,373.78
NM202401918108,2024-01-20,2024-01-22,CU0199,PR505,CENTRAL,technology,Accessories,6,"$1,165.44",0,490.32
NM202401906364,2024-01-16,2024-01-19,CU0174,PR521,east,OFFICE SUPPLIES,Storage,6,$298.80,,70.92
NM202401516375,2024-01-30,2024-02-02,CU0033,PR508,SOUTH,Technology,Machines,5,$917.80,0.2,326.6
NM202401742048,2024-01-24,2024-01-31,CU0140,PR507, East,TECHNOLOGY,Machines,6,$256.14,,137.04
NM202401641700,2024-01-19,2024-01-25,CU0185,PR521,East ,Office Supplies,Storage,6,$298.80,0,70.92
NM202401284194,"Jan 16, 2024","Jan 23, 2024",CU0240,PR521,east,Office Supplies,Storage,7,$296.31,0.15,30.45
NM202401124366,2024-01-09,2024-01-12,CU0034,PR519, East,Office Supplies,Paper,1,$7.88,,0.69
NM202401773932,2024-01-15,2024-01-15,CU0090,PR512,South,Furniture,Tables,5,"$2,787.80",0.2,250.0
NM202401905198,2024-01-20,2024-01-20,CU0132,PR513,CENTRAL,Furniture,Tables,1,$177.83,0.3,-18.2
NM202401350744,2024-01-14,2024-01-21,CU0036,PR513,CENTRAL,Furniture,Tables,8,"$1,625.86",0.2,57.62
NM202401950284,2024-01-15,2024-01-17,CU0137,PR502, South,Technology,Phones,1,$317.20,0,154.76
NM202401436414,2024-01-17,2024-01-22,CU0215,PR508,east,TECHNOLOGY,Machines,3,$413.01,0.4,58.29
NM202401702470,2024-01-16,2024-01-23,CU0107,PR516,SOUTH,office supplies,Binders,7,$60.73,0.1,26.57
NM202401592063,2024-01-26,2024-01-27,CU0064,PR523,West,Office Supplies,Art,8,$347.00,0.15,37.8
NM202401448067,2024-01-04,2024-01-05,CU0094,PR512,East,Furniture,Tables,6,"$4,181.70",0,1136.34
NM202401214640,2024-01-02,2024-01-09,CU0052,PR508,east,Technology,Machines,7,"$1,606.15",0,778.47
NM202401785348,2024-01-06,2024-01-10,CU0057,PR516, Central,office supplies,Binders,5,$38.56,0.2,14.16
NM202401354912,2024-01-24,2024-01-31,CU0211,PR513,Central ,Furniture,Tables,2,$431.87,0.15,39.81
NM202401261117,2024-01-10,2024-01-14,CU0181,PR522,east,Office Supplies,Storage,5,$208.45,0,
NM202401703131,2024-01-22,2024-01-25,CU0077,PR518,South,Office Supplies,Paper,3,$162.36,0.2,60.36
NM202401972913,2024-01-04,2024-01-06,CU0220,PR506,Central ,technology,Accessories,7,"$3,890.11",0.15,1592.15
NM202401517720,2024-01-27,2024-02-01,CU0073,PR510,WEST,Furniture,Chairs,5,"$1,091.88",0.1,257.83
NM202401959211,2024-01-23,2024-01-23,CU0087,PR523,south,Office Supplies,Art,3,$107.16,0.3,-8.79
NM202401536299,2024-01-05,2024-01-06,CU0160,PR512, South,Furniture,Tables,5,"$1,393.90",0.6,-1143.9
NM202401565651,2024-01-13,2024-01-20,CU0160,PR510,South ,Furniture,Chairs,2,$436.75,0.1,103.13
NM202401991625,2024-01-21,2024-01-26,CU0224,PR509, East,technology,Machines,2,$794.96,0.4,122.54
NM202401257337,2024-01-11,2024-01-12,CU0083,PR517,Central ,OFFICE SUPPLIES,Binders,2,$176.88,0,81.16
NM202401780369,2024-01-25,2024-01-25,CU0104,PR516,East,Office Supplies,Binders,8,$61.70,0.2,22.66
NM202401250276,2024-01-16,2024-01-22,CU0181,PR509,East ,technology,Machines,8,"$4,769.78",0.1,2080.1
NM202401136815,2024-01-05,2024-01-10,CU0007,PR516,East ,Office Supplies,Binders,1,$9.64,0,4.76
NM202401571224,"Jan 18, 2024","Jan 21, 2024",CU0026,PR507, South,TECHNOLOGY,Machines,8,$341.52,0,182.72
NM202401358216,2024-01-17,2024-01-22,CU0192,PR506, Central,TECHNOLOGY,Accessories,7,"$2,745.96",0.4,448.0
NM202401519481,12-Jan-2024,15-Jan-2024,CU0163,PR501,CENTRAL,Technology,Phones,6,"$6,240.36",0,1959.9
NM202401956536,2024-01-07,2024-01-11,CU0234,PR522,West,office supplies,Storage,3,$125.07,0,59.01
NM202401329630,2024-01-04,2024-01-05,CU0181,PR519,east,OFFICE SUPPLIES,Paper,1,$11.26,0,4.07
NM202401638308,"Jan 11, 2024","Jan 11, 2024",CU0150,PR507,south,Technology,Machines,4,$170.76,0,91.36
NM202401382809,2024-01-07,2024-01-07,CU0109,PR511,central,FURNITURE,Chairs,8,$950.48,0,449.12
NM202401113216,2024-01-04,2024-01-11,CU0157,PR513,South ,FURNITURE,Tables,7,"$1,778.28",0,406.07
NM202401488980,2024-01-19,2024-01-19,CU0227,PR503,west,technology,Phones,7,$650.54,,-36.09
NM202401509214,2024-01-06,2024-01-08,CU0133,PR520, West,Office Supplies,Paper,5,$39.60,0.2,13.55
NM202401414444,2024-01-14,2024-01-20,CU0026,PR517,South ,Office Supplies,Binders,3,$265.32,0,121.74
NM202401824345,2024-01-01,2024-01-07,CU0214,PR502,Central,Technology,Phones,4,"$1,015.04",0.2,365.28
NM202401433297,"Jan 24, 2024","Jan 30, 2024",CU0129,PR521,South,office supplies,Storage,2,$39.84,0.6,-36.12
NM202401826295,2024-01-16,2024-01-21,CU0092,PR508,South ,technology,Machines,2,$413.01,0.1,176.53
NM202401161960,2024-01-30,2024-01-30,CU0207,PR506,Central ,technology,Accessories,8,"$3,661.28",0.3,1035.04
NM202401276874,2024-01-22,2024-01-29,CU0128,PR501,EAST,TECHNOLOGY,Phones,4,"$4,160.24",0,1306.6
NM202401896108,2024-01-19,2024-01-20,CU0229,PR505,Central ,Technology,Accessories,7,"$1,087.74",0.2,300.1
NM202401426373,2024-01-07,2024-01-10,CU0019,PR508,east,technology,Machines,4,$917.80,0,444.84
NM202401759121,2024-01-30,2024-02-01,CU0103,PR502,South ,Technology,Phones,5,"$1,586.00",0,773.8
NM202401889061,2024-01-27,2024-01-30,CU0201,PR503,South ,TECHNOLOGY,Phones,5,$774.45,,284.0
NM202401174720,2024-01-11,2024-01-11,CU0230,PR511,Central ,Furniture,Chairs,4,$475.24,0,224.56
NM202401361802,2024-01-10,2024-01-15,CU0149,PR505,WEST,TECHNOLOGY,Accessories,8,"$1,553.92",0,653.76
NM202401512852,2024-01-10,2024-01-14,CU0063,PR514, Central,furniture,Bookcases,1,$238.47,0.1,78.44
NM202401535030,2024-01-09,2024-01-14,CU0216,PR509,South,Technology,Machines,7,"$3,709.83",0.2,1356.36
NM202401178179,02-Jan-2024,06-Jan-2024,CU0049,PR509,central,Technology,Machines,1,$662.47,0,326.26
NM202401737236,"Jan 18, 2024","Jan 21, 2024",CU0044,PR518,Central,office supplies,Paper,5,$304.43,0.1,134.43
NM202401780924,2024-01-19,2024-01-23,CU0178,PR512,West ,FURNITURE,Tables,2,"$1,184.82",0.15,169.7
NM202401131499,2024-01-08,2024-01-10,CU0047,PR515,East ,Furniture,Bookcases,2,$801.23,0.3,167.67
NM202401839244,2024-01-30,2024-02-05,CU0063,PR522,Central ,Office Supplies,Storage,7,$116.73,0.6,-37.41
NM202401138304,2024-01-15,2024-01-20,CU0110,PR504,West,TECHNOLOGY,Accessories,2,"$1,455.84",0,602.66
NM202401814222,2024-01-02,2024-01-05,CU0209,PR514,central,Furniture,Bookcases,1,$238.47,0.1,78.44
NM202401320096,2024-01-01,2024-01-08,CU0123,PR521,Central,Office Supplies,Storage,6,$298.80,0,70.92
NM202401875662,2024-01-06,2024-01-12,CU0037,PR504,west,Technology,Accessories,4,"$1,164.67",0.6,-541.69
NM202401349048,2024-01-29,2024-02-01,CU0100,PR510,central,FURNITURE,Chairs,3,$655.13,0.1,154.7
NM202401993170,2024-01-02,2024-01-04,CU0059,PR510,SOUTH,furniture,Chairs,4,$970.56,0,303.32
NM202401150294,2024-01-09,2024-01-16,CU0108,PR511,east,Furniture,Chairs,3,$285.14,0.2,97.13
NM202401176716,2024-01-30,2024-01-31,CU0015,PR522,East ,office supplies,Storage,4,$166.76,0,78.68
NM202401264888,2024-01-26,2024-01-28,CU0044,PR523,central,Office Supplies,Art,4,$204.12,0,49.52
NM202401331080,2024-01-26,2024-02-01,CU0160,PR518,South ,Office Supplies,Paper,5,$338.25,0,168.25
NM202401985555,2024-01-30,2024-02-02,CU0044,PR521,CENTRAL,Office Supplies,Storage,1,$44.82,0.1,6.84
NM202401205880,2024-01-22,2024-01-25,CU0208,PR507, West,Technology,Machines,8,$341.52,0,182.72
NM202401266165,2024-01-01,2024-01-06,CU0227,PR519,West,Office Supplies,Paper,4,$45.04,0,16.28
NM202401849876,2024-01-12,2024-01-19,CU0207,PR516,CENTRAL,office supplies,Binders,2,$11.57,0.4,1.81
NM202401256575,2024-01-18,2024-01-23,CU0016,PR516,East,Office Supplies,Binders,8,$77.12,0,38.08
NM202401691736,2024-01-05,2024-01-09,CU0048,PR503,WEST,Technology,Phones,2,$263.31,0.15,67.13
NM202401458867,2024-01-02,2024-01-04,CU0132,PR505,Central ,Technology,Accessories,2,$388.48,0,163.44
NM202401618446,2024-01-17,2024-01-20,CU0027,PR512,East,Furniture,Tables,7,"$3,902.92",0.2,
NM202401936290,2024-01-18,2024-01-20,CU0013,PR509,Central ,technology,Machines,6,"$3,974.82",0,1957.56
NM202401642938,2024-01-17,2024-01-18,CU0151,PR504,central,technology,Accessories,1,$655.13,0.1,228.54
NM202401324803,2024-01-14,2024-01-20,CU0018,PR523,South,Office Supplies,Art,2,$86.75,0.15,9.45
NM202401495426,2024-01-26,2024-01-30,CU0099,PR509, East,TECHNOLOGY,Machines,7,"$3,709.83",0.2,1356.36
NM202401783674,"Jan 15, 2024","Jan 20, 2024",CU0089,PR507,west,TECHNOLOGY,Machines,5,$213.45,0,114.2
NM202401600802,2024-01-06,2024-01-12,CU0047,PR515, East,furniture,Bookcases,6,"$2,918.78",0.15,1018.1
NM202401247014,2024-01-19,2024-01-26,CU0119,PR510,west,furniture,Chairs,5,"$1,091.88",0.1,257.83
NM202401615950,14-Jan-2024,20-Jan-2024,CU0075,PR523,west,office supplies,Art,5,$153.09,0.4,-40.16
NM202401450550,2024-01-27,2024-01-29,CU0067,PR518,East,office supplies,Paper,6,$405.90,0,201.9
NM202401967535,2024-01-04,2024-01-07,CU0018,PR517,south,OFFICE SUPPLIES,Binders,5,$397.98,0.1,158.68
NM202401237282,2024-01-02,2024-01-09,CU0031,PR516, South,Office Supplies,Binders,5,$38.56,0.2,14.16
NM202401375597,2024-01-09,2024-01-14,CU0203,PR512,SOUTH,FURNITURE,Tables,2,$975.73,0.3,-39.39
NM202401293329,"Jan 02, 2024","Jan 03, 2024",CU0079,PR518, Central,Office Supplies,Paper,1,$67.65,0,33.65
NM202401597866,2024-01-02,2024-01-04,CU0184,PR502, East,Technology,Phones,5,"$1,586.00",0,773.8
NM202401736332,2024-01-06,2024-01-06,CU0178,PR503,west,TECHNOLOGY,Phones,6,$929.34,0,340.8
NM202401669171,2024-01-11,2024-01-14,CU0096,PR522,East,Office Supplies,Storage,6,$250.14,0,118.02
NM202401346122,12-Jan-2024,16-Jan-2024,CU0198,PR509,east,technology,Machines,7,"$3,941.70",0.15,1588.23
NM202401312199,2024-01-13,2024-01-20,CU0230,PR510,Central ,Furniture,Chairs,3,$727.92,0,227.49
NM202401771193,2024-01-13,2024-01-13,CU0061,PR501, West,TECHNOLOGY,Phones,2,"$2,080.12",0,653.3
NM202401734533,2024-01-15,2024-01-16,CU0039,PR512,East ,Furniture,Tables,4,"$2,369.63",0.15,339.39
NM202401863824,2024-01-07,2024-01-10,CU0153,PR519,SOUTH,OFFICE SUPPLIES,Paper,1,$11.26,0,
NM202401283503,2024-01-28,2024-01-30,CU0068,PR504,WEST,Technology,Accessories,7,"$5,095.44",0,2109.31
NM202401510945,2024-01-01,2024-01-06,CU0173,PR509,West,technology,Machines,2,"$1,324.94",0,652.52
NM202401168369,2024-01-22,2024-01-28,CU0155,PR502,South ,technology,Phones,5,"$1,586.00",0,773.8
NM202401693182,2024-01-14,2024-01-14,CU0146,PR508, East,Technology,Machines,1,$183.56,0.2,65.32
NM202401254726,13-Jan-2024,19-Jan-2024,CU0128,PR512,East ,Furniture,Tables,7,"$3,415.06",0.3,
NM202401268000,2024-01-31,2024-02-03,CU0058,PR523,east,OFFICE SUPPLIES,Art,4,$204.12,0,49.52
NM202401188377,2024-01-16,2024-01-20,CU0195,PR519,SOUTH,office supplies,Paper,7,$55.17,0.3,4.84
NM202401615133,11-Jan-2024,17-Jan-2024,CU0162,PR516,South,OFFICE SUPPLIES,Binders,3,$24.58,0.15,9.94
NM202401505478,"Jan 15, 2024","Jan 21, 2024",CU0150,PR504,South ,TECHNOLOGY,Accessories,4,"$2,911.68",0,1205.32
NM202401305243,2024-01-26,2024-01-26,CU0185,PR508,East,TECHNOLOGY,Machines,8,"$1,835.60",0,889.68
NM202401218102,2024-01-10,2024-01-12,CU0093,PR516,East,Office Supplies,Binders,5,$19.28,0.6,-5.12
NM202401398279,2024-01-02,2024-01-02,CU0235,PR501,east,technology,Phones,2,"$2,080.12",0,653.3
NM202401280580,2024-01-21,2024-01-28,CU0126,PR515,south,FURNITURE,Bookcases,2,$801.23,0.3,167.67
NM202401193790,2024-01-11,2024-01-16,CU0232,PR520, Central,Office Supplies,Paper,6,$47.52,0.2,16.26
NM202401243078,2024-01-14,2024-01-17,CU0104,PR510,East ,Furniture,Chairs,1,$242.64,0,75.83
NM202401148567,2024-01-08,2024-01-12,CU0053,PR502,east,TECHNOLOGY,Phones,1,$253.76,0.2,91.32
NM202401763461,2024-01-22,2024-01-23,CU0036,PR520,Central,OFFICE SUPPLIES,Paper,1,$6.93,0.3,1.72
NM202401418587,2024-01-23,2024-01-24,CU0207,PR511,central,Furniture,Chairs,1,$118.81,0,56.14
NM202401889652,2024-01-11,2024-01-11,CU0133,PR510, West,furniture,Chairs,7,"$1,528.63",0.1,360.96
NM202401257840,2024-01-12,2024-01-16,CU0169,PR513,South,Furniture,Tables,3,$685.91,0.1,97.82
NM202401238399,2024-01-24,2024-01-30,CU0175,PR509,Central,Technology,Machines,7,"$3,709.83",0.2,1356.36
NM202401138277,2024-01-15,2024-01-20,CU0094,PR506,East ,technology,Accessories,4,"$2,353.68",0.1,1040.56
NM202401648484,2024-01-06,2024-01-12,CU0094,PR521,East ,Office Supplies,Storage,8,$398.40,0,94.56
NM202401823685,2024-01-22,2024-01-29,CU0030,PR516,WEST,Office Supplies,Binders,6,$57.84,0,28.56
NM202401271304,2024-01-02,2024-01-08,CU0057,PR515,Central,Furniture,Bookcases,4,"$1,831.39",0.2,564.27
NM202401216475,2024-01-15,2024-01-22,CU0050,PR513,West,furniture,Tables,5,$889.14,0.3,-91.01
NM202401453558,2024-01-08,2024-01-15,CU0002,PR510,WEST,Furniture,Chairs,3,$582.34,0.2,81.91
NM202401902877,"Jan 23, 2024","Jan 26, 2024",CU0076,PR518,Central,Office Supplies,Paper,3,$202.95,0,100.95
NM202401698793,2024-01-18,2024-01-23,CU0074,PR506, Central,TECHNOLOGY,Accessories,4,"$1,830.64",0.3,517.52
NM202401124324,2024-01-16,2024-01-23,CU0139,PR506,WEST,Technology,Accessories,5,"$2,615.20",0.2,973.8
NM202401196055,2024-01-17,2024-01-23,CU0045,PR522,SOUTH,Office Supplies,Storage,4,$150.08,0.1,62.0
NM202401392763,2024-01-28,2024-01-29,CU0135,PR510,East ,Furniture,Chairs,3,$727.92,0,227.49
NM202401396785,"Jan 03, 2024","Jan 10, 2024",CU0154,PR506,South,Technology,Accessories,3,"$1,372.98",0.3,388.14
NM202401833274,21-Jan-2024,26-Jan-2024,CU0003,PR523,East ,Office Supplies,Art,8,$367.42,0.1,58.22
NM202401416883,2024-01-08,2024-01-13,CU0114,PR510, West,furniture,Chairs,1,$218.38,0.1,51.57
NM202401437477,2024-01-18,2024-01-22,CU0195,PR513,South ,furniture,Tables,4,"$1,016.16",0,232.04
NM202401344567,2024-01-21,2024-01-23,CU0123,PR520,Central,Office Supplies,Paper,7,$69.30,0,32.83
NM202401798163,2024-01-11,2024-01-18,CU0066,PR520,West ,office supplies,Paper,5,$39.60,,13.55
NM202401963026,2024-01-12,2024-01-19,CU0141,PR509, South,Technology,Machines,6,"$3,378.60",0.15,1361.34
NM202401712713,2024-01-03,2024-01-06,CU0016,PR518,East ,OFFICE SUPPLIES,Paper,7,$331.49,0.3,93.49
NM202401671527,2024-01-31,2024-02-01,CU0001,PR505,SOUTH,Technology,Accessories,6,$815.81,,140.69
NM202401345247,2024-01-09,2024-01-10,CU0095,PR503,South ,Technology,Phones,4,$619.56,0,227.2
NM202401368842,10-Jan-2024,13-Jan-2024,CU0027,PR507,east,TECHNOLOGY,Machines,5,$181.43,0.15,82.18
NM202401467330,2024-01-09,2024-01-10,CU0053,PR501, East,TECHNOLOGY,Phones,5,"$5,200.30",0,1633.25
NM202401204155,2024-01-31,2024-02-03,CU0129,PR506, South,technology,Accessories,3,"$1,961.40",0,976.56
NM202401806675,2024-01-13,2024-01-13,CU0180,PR510, Central,FURNITURE,Chairs,1,$194.11,0.2,27.3
NM202401204318,2024-01-24,2024-01-26,CU0146,PR502,EAST,technology,Phones,3,$951.60,0,464.28
NM202401384289,2024-01-09,2024-01-15,CU0019,PR505,East,Technology,Accessories,3,$582.72,0,245.16
NM202401546653,"Jan 04, 2024","Jan 04, 2024",CU0046,PR518,South,office supplies,Paper,3,$121.77,0.4,19.77
NM202401264450,2024-01-20,2024-01-25,CU0013,PR508,central,TECHNOLOGY,Machines,4,$780.13,0.15,307.17
NM202401879656,2024-01-01,2024-01-05,CU0090,PR501,South ,TECHNOLOGY,Phones,4,"$3,536.20",0.15,682.56
NM202401962235,2024-01-27,2024-02-02,CU0189,PR524, East,office supplies,Art,1,$76.06,0.1,10.12
NM202401280065,2024-01-26,2024-01-28,CU0180,PR516,Central,Office Supplies,Binders,5,$43.38,0.1,
NM202401970737,2024-01-30,2024-02-05,CU0017,PR512,south,Furniture,Tables,3,"$2,090.85",0,568.17
NM202401458906,2024-01-15,2024-01-17,CU0099,PR516,east,Office Supplies,Binders,7,$60.73,0.1,26.57
NM202401536874,2024-01-26,2024-01-28,CU0093,PR507,East,TECHNOLOGY,Machines,8,$341.52,0,182.72
NM202401931626,2024-01-31,2024-02-03,CU0208,PR511,west,furniture,Chairs,3,$302.97,0.15,114.96
NM202401745448,2024-01-02,2024-01-07,CU0240,PR512,EAST,FURNITURE,Tables,7,"$2,927.19",0.4,-625.73
NM202401225925,2024-01-12,2024-01-16,CU0074,PR519,CENTRAL,OFFICE SUPPLIES,Paper,2,$9.01,0.6,
NM202401441725,2024-01-27,2024-01-29,CU0142,PR511,CENTRAL,furniture,Chairs,3,$356.43,0,168.42
NM202401940532,2024-01-21,2024-01-22,CU0044,PR519, Central,office supplies,Paper,5,$50.67,0.1,14.72
NM202401966225,2024-01-06,2024-01-08,CU0050,PR521,West,Office Supplies,Storage,2,$99.60,0,23.64
NM202401302621,2024-01-27,2024-02-02,CU0233,PR506, East,TECHNOLOGY,Accessories,4,"$2,615.20",0,1302.08
NM202401893561,2024-01-14,2024-01-19,CU0100,PR521,Central,Office Supplies,Storage,1,$44.82,0.1,6.84
NM202401247819,2024-01-13,2024-01-16,CU0096,PR509,east,Technology,Machines,4,"$2,649.88",0,1305.04
NM202401956051,2024-01-23,2024-01-25,CU0226,PR521,East ,Office Supplies,Storage,7,$313.74,0.1,47.88
NM202401676333,2024-01-13,2024-01-13,CU0122,PR507,East ,Technology,Machines,3,$76.84,0.4,17.29
NM202401618475,2024-01-08,2024-01-08,CU0098,PR509,central,Technology,Machines,1,$596.22,0.1,260.01
NM202401573975,2024-01-30,2024-02-04,CU0006,PR515,South ,FURNITURE,Bookcases,2,"$1,144.62",0,511.06
NM202401104404,2024-01-29,2024-02-03,CU0133,PR516,West ,OFFICE SUPPLIES,Binders,1,$8.68,0.1,3.8
NM202401534412,2024-01-28,2024-02-04,CU0118,PR512,South,furniture,Tables,6,"$4,181.70",0,1136.34
NM202401246802,2024-01-07,2024-01-08,CU0205,PR517,Central,office supplies,Binders,3,$265.32,0,121.74
NM202401921893,2024-01-06,2024-01-06,CU0073,PR513,West,FURNITURE,Tables,5,"$1,016.16",0.2,36.01
NM202401881286,2024-01-12,2024-01-14,CU0162,PR505, South,Technology,Accessories,7,$951.78,0.3,164.14
NM202401889829,2024-01-16,2024-01-21,CU0033,PR510,SOUTH,furniture,Chairs,3,$582.34,0.2,81.91
NM202401941869,2024-01-15,2024-01-22,CU0063,PR519,Central ,OFFICE SUPPLIES,Paper,4,$31.53,0.3,2.77
NM202401236131,2024-01-11,2024-01-16,CU0192,PR513,Central,Furniture,Tables,5,"$1,270.20",,290.05
NM202401872941,"Jan 05, 2024","Jan 09, 2024",CU0111,PR521,EAST,OFFICE SUPPLIES,Storage,4,$199.20,0,47.28
NM202401761455,2024-01-18,2024-01-24,CU0129,PR511,South,Furniture,Chairs,5,$415.83,,102.48
NM202401501605,2024-01-16,2024-01-23,CU0080,PR503,South,TECHNOLOGY,Phones,1,$123.91,0.2,25.82
NM202401517283,2024-01-24,2024-01-31,CU0188,PR510,South,FURNITURE,Chairs,8,"$1,649.95",0.15,315.47
NM202401437332,2024-01-24,2024-01-29,CU0129,PR523, South,Office Supplies,Art,6,$306.18,0,74.28
NM202401369341,2024-01-01,2024-01-04,CU0101,PR501, South,TECHNOLOGY,Phones,8,"$8,320.48",0,2613.2
NM202401804229,2024-01-20,2024-01-22,CU0164,PR510,CENTRAL,Furniture,Chairs,8,"$1,649.95",0.15,315.47
NM202401906193,2024-01-10,2024-01-12,CU0062,PR524,CENTRAL,Office Supplies,Art,7,$591.57,0,129.99
NM202401657017,2024-01-06,2024-01-12,CU0109,PR502,CENTRAL,Technology,Phones,3,$856.44,0.1,369.12
NM202401776599,2024-01-25,2024-01-26,CU0184,PR524,East,Office Supplies,Art,4,$338.04,,74.28
NM202401686844,2024-01-19,2024-01-22,CU0204,PR513,Central,FURNITURE,Tables,7,"$1,778.28",0,406.07
NM202401195051,2024-01-27,2024-01-27,CU0032,PR512,Central,Furniture,Tables,1,$557.56,0.2,50.0
NM202401944456,09-Jan-2024,10-Jan-2024,CU0172,PR519,CENTRAL,Office Supplies,Paper,7,$55.17,0.3,4.84
NM202401735230,2024-01-12,2024-01-15,CU0024,PR501,EAST,TECHNOLOGY,Phones,6,"$5,616.32",0.1,1335.86
NM202401359830,2024-01-10,2024-01-10,CU0123,PR524,Central ,Office Supplies,Art,5,$380.30,0.1,50.6
NM202401712713,2024-01-03,2024-01-06,CU0016,PR518,East ,OFFICE SUPPLIES,Paper,7,$331.49,0.3,93.49
NM202401416134,24-Jan-2024,27-Jan-2024,CU0113,PR501, South,Technology,Phones,5,"$2,080.12",0.6,-1486.93
NM202401615478,2024-01-23,2024-01-29,CU0036,PR523, Central,Office Supplies,Art,3,$153.09,0,37.14
NM202401797425,2024-01-25,2024-01-28,CU0082,PR516,East,Office Supplies,Binders,7,$67.48,0,33.32
NM202401637133,2024-01-25,2024-01-31,CU0057,PR523,Central,office supplies,Art,1,$51.03,0,12.38
NM202401546863,2024-01-06,2024-01-12,CU0135,PR518,East ,OFFICE SUPPLIES,Paper,7,$189.42,0.6,-48.58
NM202401375809,2024-01-24,2024-01-28,CU0124,PR514, East,furniture,Bookcases,7,"$1,854.79",0,734.58
NM202401313250,2024-01-05,2024-01-07,CU0137,PR520, South,office supplies,Paper,6,$53.46,0.1,22.2
NM202401623859,2024-01-11,2024-01-13,CU0108,PR508,East,TECHNOLOGY,Machines,8,"$1,835.60",0,889.68
NM202401508720,2024-01-01,2024-01-04,CU0153,PR507, South,Technology,Machines,8,$273.22,0.2,114.42
NM202401779202,2024-01-22,2024-01-29,CU0076,PR518,Central ,office supplies,Paper,5,$338.25,0,168.25
NM202401236518,"Jan 10, 2024","Jan 11, 2024",CU0221,PR524,SOUTH,Office Supplies,Art,1,$76.06,0.1,10.12
NM202401198098,2024-01-15,2024-01-16,CU0010,PR504,east,Technology,Accessories,4,"$2,911.68",0,1205.32
NM202401391125,2024-01-09,2024-01-15,CU0178,PR520, West,Office Supplies,Paper,6,$59.40,0,28.14
NM202401713320,2024-01-09,2024-01-09,CU0207,PR503, Central,TECHNOLOGY,Phones,6,$743.47,0.2,154.93
NM202401988626,2024-01-27,2024-02-01,CU0019,PR509,East ,Technology,Machines,4,"$1,854.92",0.3,
NM202401861056,2024-01-09,2024-01-12,CU0080,PR515,SOUTH,furniture,Bookcases,6,"$3,433.86",0,1533.18
NM202401189124,2024-01-04,2024-01-04,CU0019,PR508,EAST,Technology,Machines,2,$458.90,0,222.42
NM202401671717,2024-01-16,2024-01-19,CU0183,PR512,Central ,Furniture,Tables,5,"$1,393.90",0.6,-1143.9
NM202401258135,2024-01-16,2024-01-18,CU0063,PR522, Central,office supplies,Storage,7,$291.83,0,137.69
NM202401424645,2024-01-25,2024-02-01,CU0059,PR501,south,TECHNOLOGY,Phones,8,"$7,488.43",0.1,1781.15
NM202401658601,20-Jan-2024,22-Jan-2024,CU0103,PR510, South,Furniture,Chairs,7,$679.39,0.6,-488.28
NM202401120859,2024-01-13,2024-01-14,CU0008,PR504, South,technology,Accessories,2,"$1,455.84",0,602.66
NM202401155488,2024-01-28,2024-02-01,CU0094,PR505,EAST,TECHNOLOGY,Accessories,6,$932.35,0.2,257.23
NM202401462646,2024-01-08,2024-01-08,CU0005,PR507, East,Technology,Machines,8,$341.52,0,182.72
NM202401591032,"Jan 19, 2024","Jan 26, 2024",CU0102,PR509,west,TECHNOLOGY,Machines,6,"$2,384.89",0.4,367.63
NM202401315905,2024-01-06,2024-01-09,CU0009,PR515,West ,Furniture,Bookcases,2,$801.23,0.3,167.67
NM202401450036,2024-01-29,2024-02-02,CU0046,PR512,SOUTH,Furniture,Tables,7,"$2,927.19",0.4,-625.73
NM202401574869,2024-01-22,2024-01-23,CU0005,PR502,east,technology,Phones,8,"$2,156.96",0.15,857.44
NM202401530289,2024-01-21,2024-01-22,CU0171,PR523,west,OFFICE SUPPLIES,Art,3,$153.09,0,37.14
NM202401825906,2024-01-13,2024-01-18,CU0239,PR510,South ,FURNITURE,Chairs,7,"$1,528.63",0.1,360.96
NM202401930518,2024-01-08,2024-01-09,CU0095,PR501,South ,Technology,Phones,4,"$3,744.22",0.1,890.58
NM202401566202,2024-01-21,2024-01-26,CU0058,PR511,East ,furniture,Chairs,7,$706.92,0.15,268.23
NM202401144994,2024-01-09,2024-01-16,CU0124,PR504,East ,TECHNOLOGY,Accessories,1,$291.17,0.6,-135.42
NM202401846170,2024-01-19,2024-01-26,CU0209,PR505, Central,Technology,Accessories,5,$971.20,0,408.6
NM202401313844,2024-01-22,2024-01-26,CU0082,PR501, East,technology,Phones,6,"$6,240.36",0,1959.9
NM202401139543,2024-01-15,2024-01-15,CU0003,PR514, East,furniture,Bookcases,3,$715.42,0.1,235.33
NM202401599121,2024-01-21,2024-01-27,CU0140,PR518,East ,Office Supplies,Paper,8,$487.08,0.1,215.08
NM202401146654,2024-01-29,2024-01-29,CU0068,PR506,West,TECHNOLOGY,Accessories,2,"$1,176.84",0.1,520.28
NM202401306445,2024-01-06,2024-01-13,CU0038,PR509,SOUTH,Technology,Machines,8,"$4,504.80",0.15,1815.12
NM202401698991,2024-01-06,2024-01-11,CU0115,PR522, East,Office Supplies,Storage,1,$41.69,0,19.67
NM202401284349,2024-01-27,2024-01-29,CU0069,PR521,EAST,Office Supplies,Storage,3,$126.99,0.15,13.05
NM202401487904,2024-01-08,2024-01-13,CU0107,PR510, South,Furniture,Chairs,4,$873.50,0.1,206.26
NM202401491206,2024-01-15,2024-01-16,CU0183,PR517,CENTRAL,Office Supplies,Binders,7,$619.08,0,284.06
NM202401742101,2024-01-16,2024-01-20,CU0125,PR516,east,OFFICE SUPPLIES,Binders,2,$15.42,0.2,5.66
NM202401988105,2024-01-20,2024-01-23,CU0063,PR513,central,furniture,Tables,8,"$2,032.32",0,
NM202401125446,2024-01-05,2024-01-08,CU0029,PR519,West ,office supplies,Paper,4,$40.54,0.1,
NM202401477826,2024-01-01,2024-01-04,CU0143,PR519,south,office supplies,Paper,7,$55.17,0.3,4.84
NM202401378964,07-Jan-2024,07-Jan-2024,CU0156,PR518,East,Office Supplies,Paper,7,$284.13,0.4,46.13
NM202401703413,2024-01-30,2024-02-05,CU0045,PR502,south,Technology,Phones,4,"$1,268.80",,619.04
NM202401478897,2024-01-02,2024-01-08,CU0196,PR507,east,TECHNOLOGY,Machines,2,$85.38,0,45.68
NM202401209056,2024-01-14,2024-01-21,CU0009,PR521, West,office supplies,Storage,1,$49.80,0,11.82
NM202401312886,2024-01-22,2024-01-27,CU0166,PR519,central,office supplies,Paper,4,$36.03,0.2,7.27
NM202401156417,15-Jan-2024,20-Jan-2024,CU0151,PR505, Central,TECHNOLOGY,Accessories,4,$776.96,0,326.88
NM202401943427,2024-01-20,2024-01-22,CU0221,PR514,SOUTH,FURNITURE,Bookcases,4,$741.92,0.3,101.8
NM202401173542,2024-01-16,2024-01-19,CU0133,PR524,West,Office Supplies,Art,7,$532.41,0.1,70.83
NM202401350580,2024-01-03,2024-01-09,CU0037,PR516,west,OFFICE SUPPLIES,Binders,3,$24.58,0.15,9.94
NM202401820133,2024-01-12,2024-01-15,CU0006,PR523, South,office supplies,Art,2,$86.75,0.15,9.45
NM202401829452,2024-01-24,2024-01-26,CU0140,PR511,EAST,Furniture,Chairs,7,$748.50,0.1,309.81
NM202401983992,2024-01-16,2024-01-16,CU0048,PR501,West ,Technology,Phones,6,"$6,240.36",0,1959.9
NM202401534940,2024-01-11,2024-01-15,CU0145,PR511,SOUTH,FURNITURE,Chairs,1,$118.81,,56.14
NM202401224751,2024-01-16,2024-01-20,CU0205,PR515,Central,furniture,Bookcases,6,"$3,090.47",0.1,1189.79
NM202401305401,2024-01-29,2024-02-02,CU0017,PR512,south,FURNITURE,Tables,5,"$3,484.75",0,946.95
NM202401833740,2024-01-14,2024-01-18,CU0182,PR508, East,TECHNOLOGY,Machines,2,$458.90,0,222.42
NM202401945851,2024-01-27,2024-01-28,CU0013,PR517, Central,Office Supplies,Binders,1,$88.44,0,40.58
NM202401431413,"Jan 31, 2024","Feb 05, 2024",CU0186,PR516,east,OFFICE SUPPLIES,Binders,8,$61.70,,22.66
NM202401305134,2024-01-24,2024-01-28,CU0121,PR513, West,Furniture,Tables,3,$609.70,,21.61
NM202401647286,2024-01-11,2024-01-14,CU0051,PR506,South ,TECHNOLOGY,Accessories,4,"$2,615.20",0,1302.08
NM202401920512,2024-01-24,2024-01-28,CU0060,PR514,South ,furniture,Bookcases,1,$238.47,0.1,78.44
NM202401528645,2024-01-10,2024-01-13,CU0059,PR514,South ,Furniture,Bookcases,4,$900.90,0.15,260.78
NM202401841124,"Jan 23, 2024","Jan 29, 2024",CU0069,PR519,east,office supplies,Paper,3,$23.65,0.3,2.08
NM202401375028,21-Jan-2024,24-Jan-2024,CU0053,PR519,East ,office supplies,Paper,7,$78.82,0,28.49
NM202401104434,2024-01-05,2024-01-08,CU0165,PR507, West,technology,Machines,3,$51.23,0.6,-8.32
NM202401390699,2024-01-23,2024-01-24,CU0099,PR504,East ,Technology,Accessories,7,"$5,095.44",0,2109.31
NM202401698823,2024-01-18,2024-01-24,CU0151,PR507,CENTRAL,Technology,Machines,8,$273.22,0.2,114.42
NM202401513526,2024-01-15,2024-01-15,CU0024,PR517, East,Office Supplies,Binders,5,$442.20,0,202.9
NM202401971075,2024-01-07,2024-01-11,CU0183,PR511,central,furniture,Chairs,3,$249.50,0.3,61.49
NM202401816362,2024-01-07,2024-01-13,CU0044,PR518,Central,OFFICE SUPPLIES,Paper,5,$338.25,0,168.25
NM202401699109,2024-01-30,2024-02-06,CU0239,PR522,SOUTH,office supplies,Storage,4,$66.70,,-21.38
NM202401951489,2024-01-24,2024-01-26,CU0137,PR503,South ,Technology,Phones,6,$929.34,0,340.8
NM202401517105,2024-01-08,2024-01-11,CU0049,PR502,Central ,Technology,Phones,6,"$1,903.20",0,928.56
NM202401937289,21-Jan-2024,21-Jan-2024,CU0208,PR513,west,FURNITURE,Tables,1,$254.04,0,58.01
NM202401189538,2024-01-10,2024-01-10,CU0073,PR510, West,furniture,Chairs,5,"$1,213.20",0,379.15
NM202401420624,2024-01-04,2024-01-09,CU0231,PR513,west,Furniture,Tables,4,"$1,016.16",0,232.04
NM202401313709,2024-01-11,2024-01-13,CU0090,PR505,South ,Technology,Accessories,8,"$1,243.14",0.2,342.98
NM202401744333,2024-01-08,2024-01-14,CU0232,PR522,CENTRAL,office supplies,Storage,7,$262.65,0.1,108.51
NM202401311155,2024-01-20,2024-01-27,CU0082,PR523, East,office supplies,Art,3,$122.47,0.2,6.52
NM202401637176,"Jan 11, 2024","Jan 12, 2024",CU0034,PR520,EAST,office supplies,Paper,4,$27.72,0.3,6.88
NM202401382964,2024-01-06,2024-01-12,CU0009,PR511,West,Furniture,Chairs,6,$712.86,0,336.84
NM202401996827,2024-01-31,2024-02-02,CU0190,PR519, East,Office Supplies,Paper,6,$57.43,0.15,14.29
NM202401475661,2024-01-18,2024-01-23,CU0033,PR523, South,OFFICE SUPPLIES,Art,6,$260.25,0.15,28.35
NM202401213089,2024-01-02,2024-01-04,CU0090,PR515,SOUTH,FURNITURE,Bookcases,6,"$2,918.78",0.15,1018.1
NM202401771757,2024-01-16,2024-01-21,CU0068,PR515,West,Furniture,Bookcases,7,"$2,403.70",0.4,186.24
NM202401696793,2024-01-12,2024-01-15,CU0161,PR509,CENTRAL,Technology,Machines,3,"$1,987.41",0,978.78
NM202401307001,"Jan 28, 2024","Jan 28, 2024",CU0112,PR519,South,office supplies,Paper,2,$13.51,0.4,-0.87
NM202401356382,2024-01-06,2024-01-13,CU0215,PR506,EAST,Technology,Accessories,2,$523.04,0.6,-133.52
NM202401736960,2024-01-15,2024-01-19,CU0059,PR508,south,TECHNOLOGY,Machines,1,$206.50,0.1,88.27
NM202401640574,30-Jan-2024,06-Feb-2024,CU0015,PR509, East,TECHNOLOGY,Machines,1,$264.99,0.6,-71.22
NM202401482021,2024-01-21,2024-01-23,CU0155,PR502,South,Technology,Phones,1,$317.20,0,154.76
NM202401312105,2024-01-21,2024-01-23,CU0107,PR515, South,Furniture,Bookcases,6,"$3,433.86",0,1533.18
NM202401549966,2024-01-04,2024-01-10,CU0200,PR513,East,furniture,Tables,5,"$1,270.20",0,290.05
NM202401149144,2024-01-01,2024-01-07,CU0182,PR516,East ,OFFICE SUPPLIES,Binders,2,$15.42,0.2,5.66
NM202401743618,2024-01-01,2024-01-02,CU0149,PR519, West,Office Supplies,Paper,2,$9.01,0.6,-5.37
NM202401946441,2024-01-22,2024-01-26,CU0119,PR515,West ,FURNITURE,Bookcases,3,"$1,545.24",0.1,594.9
NM202401392599,2024-01-01,2024-01-01,CU0109,PR521,central,Office Supplies,Storage,1,$49.80,0,11.82
NM202401647350,2024-01-13,2024-01-17,CU0182,PR517,EAST,office supplies,Binders,3,$265.32,0,121.74
NM202401656054,2024-01-08,2024-01-15,CU0173,PR507, West,TECHNOLOGY,Machines,2,$76.84,0.1,37.14
NM202401417446,2024-01-11,2024-01-18,CU0002,PR515,West,Furniture,Bookcases,1,$400.62,0.3,83.84
NM202401554810,2024-01-19,2024-01-21,CU0039,PR524,EAST,Office Supplies,Art,6,$507.06,0,111.42
NM202401612256,2024-01-23,2024-01-26,CU0183,PR504,Central,Technology,Accessories,5,"$3,639.60",0,1506.65
NM202401927258,2024-01-01,2024-01-02,CU0050,PR511,WEST,Furniture,Chairs,8,$855.43,0.1,354.07
NM202401769117,2024-01-10,2024-01-14,CU0079,PR507, Central,technology,Machines,2,$76.84,0.1,37.14
NM202401722016,2024-01-24,2024-01-26,CU0055,PR516, West,office supplies,Binders,4,$38.56,0,19.04
NM202401291734,2024-01-11,2024-01-17,CU0040,PR508,WEST,Technology,Machines,7,"$1,365.23",0.15,537.55
NM202401673107,2024-01-29,2024-01-30,CU0028,PR509,east,Technology,Machines,1,$662.47,0,326.26
NM202401672352,2024-01-14,2024-01-14,CU0218,PR501,East,TECHNOLOGY,Phones,4,"$4,160.24",0,1306.6
NM202401104721,2024-01-01,2024-01-08,CU0109,PR521,CENTRAL,Office Supplies,Storage,5,$224.10,0.1,34.2
NM202401877255,2024-01-26,2024-01-29,CU0127,PR523,South,OFFICE SUPPLIES,Art,3,$137.78,0.1,21.83
NM202401629688,2024-01-05,2024-01-12,CU0012,PR506,central,Technology,Accessories,8,"$3,138.24",0.4,512.0
NM202401146953,2024-01-21,2024-01-25,CU0213,PR519, South,office supplies,Paper,3,$33.78,0,12.21
NM202401243826,2024-01-12,2024-01-19,CU0033,PR508,south,technology,Machines,8,"$1,835.60",0,889.68
NM202401714126,2024-01-06,2024-01-12,CU0060,PR509,South,TECHNOLOGY,Machines,5,"$3,312.35",0,1631.3
NM202401395172,2024-01-04,2024-01-09,CU0194,PR515,West ,furniture,Bookcases,6,"$3,090.47",0.1,1189.79
NM202401686647,2024-01-25,2024-01-27,CU0185,PR501,East,Technology,Phones,3,"$3,120.18",0,979.95
NM202401131802,30-Jan-2024,04-Feb-2024,CU0129,PR517,SOUTH,OFFICE SUPPLIES,Binders,7,$619.08,0,284.06
NM202401781144,2024-01-10,2024-01-11,CU0091,PR521,WEST,Office Supplies,Storage,5,$211.65,0.15,21.75
NM202401240412,2024-01-01,2024-01-03,CU0015,PR509,EAST,Technology,Machines,6,"$3,577.34",0.1,1560.08
NM202401443939,2024-01-05,2024-01-05,CU0205,PR514,central,Furniture,Bookcases,7,"$1,854.79",0,734.58
NM202401369509,2024-01-15,2024-01-20,CU0181,PR502,east,TECHNOLOGY,Phones,5,"$1,586.00",0,
NM202401491226,2024-01-08,2024-01-12,CU0209,PR523,Central ,Office Supplies,Art,1,$45.93,0.1,7.28
NM202401262436,2024-01-05,2024-01-08,CU0213,PR503,South ,technology,Phones,4,$247.82,0.6,-144.54
NM202401964097,2024-01-28,2024-02-02,CU0102,PR509,West,Technology,Machines,2,"$1,324.94",0,652.52
NM202401739162,2024-01-24,2024-01-27,CU0051,PR503,SOUTH,TECHNOLOGY,Phones,3,$464.67,0,170.4
NM202401654037,2024-01-03,2024-01-05,CU0037,PR514,West ,furniture,Bookcases,1,$185.48,0.3,25.45
NM202401352865,2024-01-01,2024-01-08,CU0219,PR515,West,FURNITURE,Bookcases,8,"$3,891.71",0.15,1357.47
NM202401822239,2024-01-21,2024-01-22,CU0095,PR501,SOUTH,technology,Phones,8,"$5,824.34",0.3,117.06
NM202401647422,2024-01-24,2024-01-31,CU0132,PR501,Central,TECHNOLOGY,Phones,6,"$6,240.36",0,1959.9
NM202401208959,2024-01-11,2024-01-15,CU0108,PR510,East,furniture,Chairs,8,"$1,747.01",0.1,412.53
NM202401315264,21-Jan-2024,27-Jan-2024,CU0127,PR506, South,Technology,Accessories,7,"$4,576.60",0,2278.64
NM202401416975,2024-01-05,2024-01-10,CU0226,PR517,east,office supplies,Binders,7,$247.63,0.6,-87.39
NM202401767607,2024-01-01,2024-01-01,CU0219,PR502,West ,technology,Phones,2,$634.40,0,309.52
NM202401104993,"Jan 31, 2024","Feb 02, 2024",CU0057,PR514,CENTRAL,Furniture,Bookcases,5,"$1,192.37",0.1,392.22
NM202401887219,2024-01-30,2024-02-03,CU0197,PR508,West,Technology,Machines,2,$458.90,0,222.42
NM202401407291,2024-01-23,2024-01-30,CU0189,PR507,east,TECHNOLOGY,Machines,5,$192.10,0.1,92.85
NM202401488313,2024-01-13,2024-01-17,CU0004,PR521,South ,OFFICE SUPPLIES,Storage,4,$179.28,0.1,27.36
NM202401475424,2024-01-13,2024-01-13,CU0039,PR518,EAST,office supplies,Paper,5,$135.30,0.6,-34.7
NM202401314802,2024-01-07,2024-01-08,CU0094,PR518,East ,Office Supplies,Paper,4,$216.48,0.2,80.48
NM202401202107,2024-01-14,2024-01-21,CU0216,PR503,South,Technology,Phones,1,$123.91,0.2,25.82
NM202401331408,2024-01-12,2024-01-18,CU0097,PR508,central,Technology,Machines,5,"$1,147.25",0,556.05
NM202401207948,2024-01-20,2024-01-21,CU0161,PR501,Central,Technology,Phones,2,"$2,080.12",0,653.3
NM202401269321,2024-01-17,2024-01-22,CU0214,PR503,central,technology,Phones,8,"$1,239.12",0,454.4
NM202401852558,2024-01-04,2024-01-07,CU0101,PR505,South ,Technology,Accessories,1,$174.82,0.1,62.3
NM202401452489,"Jan 27, 2024","Jan 30, 2024",CU0105,PR506, East,technology,Accessories,6,"$3,922.80",0,1953.12
NM202401397539,2024-01-28,2024-02-02,CU0213,PR521,south,Office Supplies,Storage,2,$99.60,0,23.64
NM202401108227,20-Jan-2024,26-Jan-2024,CU0229,PR523, Central,Office Supplies,Art,4,$204.12,0,49.52
NM202401828546,2024-01-06,2024-01-06,CU0029,PR505,WEST,technology,Accessories,5,$776.96,0.2,214.36
NM202401262870,2024-01-14,2024-01-16,CU0166,PR507, Central,technology,Machines,7,$254.01,0.15,115.06
NM202401759179,2024-01-15,2024-01-15,CU0006,PR505,South ,Technology,Accessories,7,$543.87,0.6,-243.77
NM202401514539,2024-01-16,2024-01-17,CU0132,PR510,central,Furniture,Chairs,7,"$1,698.48",0,530.81
NM202401297656,2024-01-12,2024-01-14,CU0076,PR515,Central,furniture,Bookcases,7,"$3,605.55",0.1,
NM202401420001,2024-01-07,2024-01-12,CU0162,PR514,South,FURNITURE,Bookcases,8,"$1,483.83",0.3,203.59
NM202401305327,2024-01-18,2024-01-24,CU0186,PR518, East,office supplies,Paper,6,$405.90,0,201.9
NM202401114514,2024-01-21,2024-01-24,CU0207,PR512,Central,Furniture,Tables,8,"$5,575.60",,1515.12
NM202401294929,2024-01-14,2024-01-17,CU0058,PR501,East ,TECHNOLOGY,Phones,8,"$8,320.48",0,2613.2
NM202401773902,2024-01-10,2024-01-10,CU0223,PR501,central,Technology,Phones,4,"$4,160.24",0,1306.6
NM202401404927,2024-01-13,2024-01-16,CU0126,PR513,South,FURNITURE,Tables,2,$508.08,0,116.02
NM202401736914,2024-01-23,2024-01-24,CU0107,PR515,south,FURNITURE,Bookcases,5,"$2,861.55",0,1277.65
NM202401652262,2024-01-30,2024-02-05,CU0141,PR510, South,furniture,Chairs,1,$169.85,0.3,3.04
NM202401405410,02-Jan-2024,02-Jan-2024,CU0023,PR512, Central,furniture,Tables,4,"$2,509.02",0.1,478.78
NM202401209601,2024-01-19,2024-01-21,CU0075,PR520, West,OFFICE SUPPLIES,Paper,6,$50.49,0.15,19.23
NM202401519320,22-Jan-2024,22-Jan-2024,CU0180,PR517,Central ,Office Supplies,Binders,2,$176.88,0,81.16
NM202401731051,2024-01-25,2024-01-30,CU0086,PR505, East,TECHNOLOGY,Accessories,1,$155.39,0.2,42.87
NM202401553523,"Jan 27, 2024","Feb 01, 2024",CU0219,PR508,West,TECHNOLOGY,Machines,4,$780.13,0.15,307.17
NM202401233401,2024-01-11,2024-01-17,CU0096,PR523, East,Office Supplies,Art,7,$357.21,0,86.66
NM202401451281,2024-01-28,2024-02-03,CU0048,PR519,West,OFFICE SUPPLIES,Paper,2,$15.76,0.3,1.38
NM202401339190,2024-01-07,2024-01-07,CU0227,PR503,west,Technology,Phones,2,$278.80,0.1,82.62
NM202401862475,2024-01-15,2024-01-18,CU0111,PR523, East,OFFICE SUPPLIES,Art,4,$163.30,0.2,8.7
NM202401944289,2024-01-27,2024-02-01,CU0225,PR504,west,Technology,Accessories,1,$727.92,0,301.33
NM202401639502,"Jan 31, 2024","Feb 07, 2024",CU0026,PR508,SOUTH,technology,Machines,7,"$1,606.15",0,778.47
NM202401483686,2024-01-30,2024-02-03,CU0178,PR522, West,OFFICE SUPPLIES,Storage,4,$150.08,0.1,62.0
NM202401396868,"Jan 11, 2024","Jan 11, 2024",CU0128,PR522,east,office supplies,Storage,2,$83.38,0,39.34
NM202401242082,2024-01-02,2024-01-09,CU0214,PR517,central,Office Supplies,Binders,3,$225.52,0.15,81.94
NM202401936139,2024-01-04,2024-01-11,CU0162,PR514,South ,Furniture,Bookcases,2,$423.95,0.2,103.89
NM202401619108,2024-01-19,2024-01-20,CU0168,PR521,Central ,office supplies,Storage,4,$139.44,0.3,-12.48
NM202401307505,2024-01-25,2024-01-26,CU0169,PR507,SOUTH,technology,Machines,2,$68.30,0.2,28.6
NM202401217694,2024-01-03,2024-01-09,CU0062,PR510,Central,FURNITURE,Chairs,5,"$1,213.20",0,379.15
NM202401569768,2024-01-25,2024-01-27,CU0042,PR522,Central,OFFICE SUPPLIES,Storage,3,$125.07,0,59.01
NM202401502366,2024-01-19,2024-01-22,CU0017,PR507, South,Technology,Machines,3,$128.07,0,68.52
NM202401780128,2024-01-08,2024-01-12,CU0115,PR522, East,OFFICE SUPPLIES,Storage,8,$333.52,0,157.36
NM202401466295,2024-01-16,2024-01-23,CU0072,PR508,SOUTH,Technology,Machines,2,$321.23,0.3,84.75
NM202401516056,2024-01-20,2024-01-25,CU0057,PR511,Central ,furniture,Chairs,2,$237.62,0,112.28
NM202401843423,2024-01-21,2024-01-25,CU0004,PR506, South,technology,Accessories,8,"$5,230.40",0,2604.16
NM202401328894,2024-01-24,2024-01-26,CU0194,PR503,WEST,Technology,Phones,2,$278.80,0.1,82.62
NM202401628444,26-Jan-2024,27-Jan-2024,CU0239,PR502,south,Technology,Phones,5,"$1,110.20",0.3,298.0
NM202401131675,2024-01-02,2024-01-05,CU0040,PR514, West,FURNITURE,Bookcases,7,"$1,576.57",0.15,456.36
NM202401571929,2024-01-18,2024-01-21,CU0067,PR513,east,Furniture,Tables,3,$685.91,0.1,97.82
NM202401109959,2024-01-17,2024-01-20,CU0043,PR507,South,Technology,Machines,6,$179.30,0.3,60.2
NM202401201099,15-Jan-2024,15-Jan-2024,CU0041,PR508,south,Technology,Machines,2,$390.06,0.15,153.59
NM202401640461,2024-01-30,2024-02-02,CU0121,PR502, West,technology,Phones,4,$888.16,0.3,238.4
NM202401820134,2024-01-02,2024-01-04,CU0062,PR511,central,Furniture,Chairs,5,$594.05,0,280.7
NM202401987678,2024-01-21,2024-01-23,CU0218,PR520,EAST,OFFICE SUPPLIES,Paper,2,$7.92,0.6,-2.5
NM202401450173,2024-01-09,2024-01-10,CU0082,PR508,East,Technology,Machines,1,$206.50,0.1,88.27
NM202401265338,2024-01-16,2024-01-18,CU0125,PR507, East,technology,Machines,6,$179.30,0.3,60.2
NM202401322440,2024-01-09,2024-01-09,CU0005,PR524,East,Office Supplies,Art,4,$304.24,0.1,40.48
NM202401614953,2024-01-10,2024-01-14,CU0109,PR511, Central,Furniture,Chairs,5,$415.83,0.3,102.48
NM202401156588,2024-01-22,2024-01-25,CU0156,PR523,EAST,OFFICE SUPPLIES,Art,2,$81.65,0.2,4.35
NM202401764204,2024-01-06,2024-01-08,CU0172,PR506, Central,TECHNOLOGY,Accessories,5,"$3,269.00",0,1627.6
NM202401490365,2024-01-16,2024-01-23,CU0014,PR507,South,Technology,Machines,5,$181.43,0.15,82.18
NM202401462610,2024-01-24,2024-01-24,CU0063,PR509,Central ,Technology,Machines,7,"$3,941.70",0.15,1588.23
NM202401920482,2024-01-03,2024-01-09,CU0054,PR506,SOUTH,Technology,Accessories,8,"$4,707.36",0.1,2081.12
NM202401359607,2024-01-28,2024-01-29,CU0215,PR512,East ,Furniture,Tables,7,"$4,390.79",0.1,837.87
NM202401820936,2024-01-08,2024-01-12,CU0141,PR508,South,Technology,Machines,8,"$1,835.60",0,889.68
NM202401208776,2024-01-04,2024-01-10,CU0091,PR519,WEST,Office Supplies,Paper,7,$78.82,,28.49
NM202401721876,2024-01-26,2024-01-29,CU0204,PR506,Central,technology,Accessories,1,$457.66,0.3,129.38
NM202401678235,2024-01-04,2024-01-09,CU0207,PR503,CENTRAL,technology,Phones,2,$278.80,0.1,82.62
NM202401747447,2024-01-25,2024-01-29,CU0204,PR506,Central ,Technology,Accessories,1,$588.42,0.1,260.14
NM202401296330,2024-01-19,2024-01-20,CU0182,PR522,East ,office supplies,Storage,4,$166.76,0,78.68
NM202401748060,2024-01-21,2024-01-22,CU0181,PR502,EAST,Technology,Phones,1,$126.88,0.6,-35.56
NM202401140343,2024-01-25,2024-01-30,CU0090,PR508,south,Technology,Machines,1,$137.67,0.4,19.43
NM202401976423,"Jan 18, 2024","Jan 23, 2024",CU0039,PR508,east,technology,Machines,2,$390.06,0.15,153.59
NM202401358119,2024-01-30,2024-01-31,CU0221,PR517,South,Office Supplies,Binders,4,$300.70,0.15,109.26
NM202401423390,2024-01-30,2024-02-02,CU0158,PR521,SOUTH,office supplies,Storage,8,$398.40,0,94.56
NM202401760477,2024-01-15,2024-01-16,CU0061,PR516, West,Office Supplies,Binders,6,$49.16,,19.88
NM202401597436,2024-01-10,2024-01-12,CU0128,PR508, East,TECHNOLOGY,Machines,7,"$1,365.23",0.15,537.55
NM202401967085,2024-01-12,2024-01-15,CU0102,PR518,WEST,Office Supplies,Paper,3,$162.36,0.2,60.36
NM202401266169,07-Jan-2024,14-Jan-2024,CU0140,PR518,east,Office Supplies,Paper,4,$270.60,0,134.6
NM202401628491,2024-01-26,2024-01-26,CU0132,PR514,Central,Furniture,Bookcases,4,$953.89,,313.77
NM202401550803,2024-01-25,2024-01-27,CU0073,PR502,West ,technology,Phones,1,$269.62,0.15,107.18
NM202401249651,15-Jan-2024,17-Jan-2024,CU0162,PR508,South ,TECHNOLOGY,Machines,1,$160.61,0.3,42.37
NM202401562585,2024-01-01,2024-01-05,CU0083,PR524, Central,Office Supplies,Art,5,$422.55,0,92.85
NM202401504258,2024-01-27,2024-01-30,CU0003,PR514,EAST,FURNITURE,Bookcases,3,$794.91,0,314.82
NM202401738446,2024-01-03,2024-01-07,CU0104,PR501,East ,TECHNOLOGY,Phones,5,"$3,640.21",0.3,73.16
NM202401229237,2024-01-01,2024-01-01,CU0099,PR524,East,Office Supplies,Art,3,$228.18,0.1,30.36
NM202401506936,2024-01-28,2024-01-29,CU0042,PR521,Central ,office supplies,Storage,3,$119.52,0.2,5.58
NM202401267159,2024-01-06,2024-01-12,CU0152,PR521,EAST,Office Supplies,Storage,4,$179.28,0.1,27.36
NM202401541165,2024-01-08,2024-01-12,CU0070,PR516,CENTRAL,Office Supplies,Binders,1,$9.64,0,4.76
NM202401167339,25-Jan-2024,31-Jan-2024,CU0029,PR523,West,OFFICE SUPPLIES,Art,3,$122.47,0.2,6.52
NM202401218168,2024-01-21,2024-01-22,CU0109,PR501, Central,technology,Phones,3,"$2,808.16",0.1,667.93
NM202401475898,"Jan 16, 2024","Jan 16, 2024",CU0115,PR506, East,technology,Accessories,1,$653.80,0,325.52
NM202401272083,2024-01-26,2024-01-30,CU0045,PR519,south,Office Supplies,Paper,2,$20.27,0.1,5.89
NM202401942426,06-Jan-2024,06-Jan-2024,CU0033,PR518,south,OFFICE SUPPLIES,Paper,5,$202.95,0.4,
NM202401410552,2024-01-08,2024-01-14,CU0084,PR505,South,TECHNOLOGY,Accessories,8,$932.35,0.4,32.19
NM202401303811,2024-01-22,2024-01-26,CU0164,PR510,CENTRAL,Furniture,Chairs,5,$849.24,0.3,15.19
NM202401416818,"Jan 28, 2024","Feb 02, 2024",CU0107,PR510,South ,FURNITURE,Chairs,8,"$1,941.12",0,
NM202401652500,2024-01-27,2024-02-02,CU0222,PR522,WEST,Office Supplies,Storage,6,$250.14,0,118.02
NM202401598230,2024-01-15,2024-01-15,CU0066,PR506,west,Technology,Accessories,8,"$4,707.36",0.1,2081.12
NM202401956160,2024-01-27,2024-02-01,CU0124,PR512,East ,Furniture,Tables,8,"$5,575.60",0,1515.12
NM202401191143,"Jan 16, 2024","Jan 16, 2024",CU0100,PR503,Central,technology,Phones,8,$991.30,0.2,206.58
NM202401839334,2024-01-05,2024-01-08,CU0105,PR502,east,technology,Phones,2,$507.52,0.2,182.64
NM202401721345,2024-01-28,2024-02-03,CU0233,PR514,East ,furniture,Bookcases,4,$847.90,0.2,
NM202401948685,2024-01-25,2024-01-26,CU0053,PR514,EAST,Furniture,Bookcases,8,"$1,483.83",0.3,203.59
NM202401701851,2024-01-27,2024-01-31,CU0209,PR503, Central,TECHNOLOGY,Phones,4,$495.65,0.2,103.29
NM202401726922,2024-01-13,2024-01-13,CU0178,PR503,west,technology,Phones,4,$619.56,0,227.2
NM202401957269,2024-01-01,2024-01-04,CU0114,PR520,West,OFFICE SUPPLIES,Paper,8,$71.28,0.1,29.6
NM202401869770,2024-01-23,2024-01-27,CU0095,PR504,South ,TECHNOLOGY,Accessories,3,"$1,965.38",,685.61
NM202401847432,2024-01-05,2024-01-06,CU0203,PR504,south,Technology,Accessories,3,"$1,965.38",0.1,685.61
NM202401701812,2024-01-05,2024-01-06,CU0051,PR502,South ,Technology,Phones,8,"$2,537.60",0,1238.08
NM202401524848,2024-01-25,2024-01-30,CU0023,PR518,central,OFFICE SUPPLIES,Paper,1,$67.65,0,33.65
NM202401275964,2024-01-22,2024-01-29,CU0130,PR524,CENTRAL,Office Supplies,Art,5,$422.55,0,92.85
NM202401299136,2024-01-06,2024-01-11,CU0191,PR519,West,office supplies,Paper,3,$13.51,0.6,-8.06
NM202401794597,2024-01-14,2024-01-15,CU0221,PR506,SOUTH,Technology,Accessories,1,$653.80,0,
NM202401338376,2024-01-18,2024-01-19,CU0233,PR511,East,Furniture,Chairs,7,$582.17,0.3,143.48
NM202401296409,2024-01-10,2024-01-13,CU0072,PR521,South,OFFICE SUPPLIES,Storage,7,$278.88,0.2,
NM202401314046,2024-01-18,2024-01-24,CU0007,PR510, East,Furniture,Chairs,3,$727.92,0,227.49
NM202401913129,2024-01-15,2024-01-15,CU0046,PR523,South ,office supplies,Art,8,$326.59,0.2,17.39
NM202401251056,"Jan 13, 2024","Jan 19, 2024",CU0221,PR506,SOUTH,Technology,Accessories,5,"$3,269.00",0,1627.6
NM202401587666,2024-01-14,2024-01-18,CU0120,PR516, East,office supplies,Binders,4,$26.99,0.3,7.47
NM202401955284,2024-01-10,2024-01-11,CU0220,PR513,central,Furniture,Tables,6,"$1,371.82",0.1,195.64
NM202401880843,2024-01-05,2024-01-06,CU0037,PR507,west,Technology,Machines,2,$76.84,0.1,37.14
NM202401743403,2024-01-09,2024-01-15,CU0047,PR521,East ,Office Supplies,Storage,6,$298.80,0,70.92
NM202401435389,2024-01-20,2024-01-26,CU0165,PR518,WEST,Office Supplies,Paper,7,$426.20,0.1,188.2
NM202401754252,2024-01-20,2024-01-26,CU0046,PR512,South,furniture,Tables,7,"$3,902.92",0.2,350.0
NM202401847088,2024-01-29,2024-02-02,CU0042,PR504, Central,technology,Accessories,7,"$3,057.26",0.4,71.13
NM202401553480,2024-01-20,2024-01-21,CU0118,PR510,South ,Furniture,Chairs,8,"$1,649.95",0.15,315.47
NM202401337719,2024-01-19,2024-01-23,CU0148,PR507,SOUTH,Technology,Machines,8,$341.52,0,182.72
NM202401784223,2024-01-25,2024-01-29,CU0231,PR517,west,office supplies,Binders,8,$495.26,0.3,112.38
NM202401504213,2024-01-02,2024-01-09,CU0190,PR516,EAST,Office Supplies,Binders,7,$60.73,0.1,26.57
NM202401414468,2024-01-03,2024-01-07,CU0195,PR519,South ,office supplies,Paper,3,$27.02,0.2,5.45
NM202401899087,2024-01-28,2024-01-29,CU0173,PR504,west,Technology,Accessories,8,"$5,823.36",0,2410.64
NM202401310384,2024-01-27,2024-01-29,CU0193,PR512, East,Furniture,Tables,4,"$2,230.24",0.2,200.0
NM202401226861,"Jan 20, 2024","Jan 26, 2024",CU0203,PR524,SOUTH,Office Supplies,Art,3,$215.50,0.15,17.68
NM202401636903,2024-01-17,2024-01-20,CU0001,PR503, South,TECHNOLOGY,Phones,3,$464.67,0,170.4
NM202401866398,2024-01-07,2024-01-07,CU0098,PR502,Central ,technology,Phones,3,$380.64,0.6,-106.68
NM202401875459,2024-01-14,2024-01-18,CU0210,PR510,EAST,Furniture,Chairs,7,"$1,358.78",0.2,191.11
NM202401936940,2024-01-02,2024-01-09,CU0193,PR505,East,Technology,Accessories,7,"$1,155.73",0.15,368.09
NM202401880411,2024-01-18,2024-01-25,CU0202,PR517,Central ,Office Supplies,Binders,1,$88.44,0,40.58
NM202401846732,2024-01-01,2024-01-07,CU0219,PR509,west,Technology,Machines,6,"$3,378.60",0.15,1361.34
NM202401626509,2024-01-28,2024-02-02,CU0235,PR504, East,technology,Accessories,7,"$4,331.12",0.15,1344.99
NM202401862475,2024-01-15,2024-01-18,CU0111,PR523, East,OFFICE SUPPLIES,Art,4,$163.30,0.2,8.7
NM202401296117,2024-01-02,2024-01-05,CU0035,PR520, Central,Office Supplies,Paper,8,$71.28,0.1,
NM202401186351,2024-01-01,2024-01-07,CU0218,PR511,east,furniture,Chairs,2,$213.86,0.1,88.52
NM202401471343,2024-01-16,2024-01-18,CU0217,PR510, Central,FURNITURE,Chairs,4,$873.50,0.1,206.26
NM202401255038,2024-01-31,2024-02-05,CU0072,PR521,south,Office Supplies,Storage,4,$119.52,0.4,-32.4
NM202401162384,2024-01-08,2024-01-15,CU0009,PR504,West,Technology,Accessories,8,"$4,949.86",0.15,1537.14
NM202401444715,2024-01-10,2024-01-16,CU0100,PR519,CENTRAL,office supplies,Paper,2,$22.52,0,8.14
NM202401197835,2024-01-19,2024-01-20,CU0203,PR510,south,furniture,Chairs,3,$436.75,0.4,-63.68
NM202401591247,2024-01-21,2024-01-23,CU0218,PR521,east,office supplies,Storage,3,$134.46,0.1,20.52
NM202401580366,2024-01-10,2024-01-17,CU0029,PR517,WEST,Office Supplies,Binders,7,$619.08,0,284.06
NM202401999707,"Jan 17, 2024","Jan 21, 2024",CU0169,PR503,South ,TECHNOLOGY,Phones,5,$542.11,0.3,51.66
NM202401299468,2024-01-08,2024-01-10,CU0059,PR501,South,TECHNOLOGY,Phones,7,"$5,096.29",0.3,102.42
NM202401874639,2024-01-08,2024-01-14,CU0061,PR503,west,TECHNOLOGY,Phones,2,$185.87,0.4,-10.31
NM202401985980,2024-01-03,2024-01-07,CU0176,PR520,EAST,Office Supplies,Paper,7,$48.51,0.3,12.04
NM202401223777,2024-01-28,2024-02-04,CU0239,PR519,South ,Office Supplies,Paper,6,$60.80,0.1,17.66
NM202401615565,2024-01-19,2024-01-21,CU0236,PR513,south,furniture,Tables,1,$215.93,0.15,19.9
NM202401579901,2024-01-01,2024-01-06,CU0107,PR508,SOUTH,Technology,Machines,6,"$1,376.70",0,667.26
NM202401545595,16-Jan-2024,16-Jan-2024,CU0199,PR508,Central,technology,Machines,7,"$1,124.30",0.3,
NM202401757556,2024-01-24,2024-01-27,CU0201,PR518,SOUTH,Office Supplies,Paper,1,$47.36,0.3,13.36
NM202401528992,2024-01-28,2024-01-31,CU0009,PR516,west,office supplies,Binders,8,$53.98,0.3,14.94
NM202401765436,2024-01-07,2024-01-14,CU0206,PR508, East,technology,Machines,2,$458.90,0,222.42
NM202401506897,2024-01-13,2024-01-20,CU0204,PR515, Central,Furniture,Bookcases,5,"$2,003.08",0.3,419.18
NM202401540257,2024-01-25,2024-02-01,CU0066,PR517,WEST,Office Supplies,Binders,3,$265.32,0,121.74
NM202401214364,2024-01-12,2024-01-14,CU0187,PR520,EAST,Office Supplies,Paper,7,$69.30,,32.83
NM202401515234,2024-01-19,2024-01-23,CU0207,PR522,Central ,office supplies,Storage,1,$35.44,0.15,13.42
NM202401644534,31-Jan-2024,03-Feb-2024,CU0127,PR504,SOUTH,technology,Accessories,5,"$2,911.68",0.2,778.73
NM202401725760,2024-01-18,2024-01-25,CU0194,PR516, West,Office Supplies,Binders,5,$48.20,0,23.8
NM202401497033,2024-01-22,2024-01-26,CU0034,PR523, East,Office Supplies,Art,2,$71.44,0.3,-5.86
NM202401588348,2024-01-08,2024-01-12,CU0138,PR512,SOUTH,furniture,Tables,4,"$1,672.68",0.4,-357.56
NM202401275589,2024-01-07,2024-01-07,CU0014,PR517,South,Office Supplies,Binders,7,$433.36,0.3,98.34
NM202401589284,"Jan 11, 2024","Jan 14, 2024",CU0152,PR510,East,Furniture,Chairs,1,$242.64,0,75.83
NM202401726906,2024-01-07,2024-01-13,CU0072,PR522,South ,Office Supplies,Storage,4,$133.41,0.2,45.33
NM202401852691,2024-01-06,2024-01-12,CU0093,PR524,east,OFFICE SUPPLIES,Art,2,$67.61,0.6,-64.27
NM202401242985,2024-01-02,2024-01-03,CU0114,PR517, West,Office Supplies,Binders,6,$530.64,0,243.48
NM202401291139,2024-01-24,2024-01-24,CU0009,PR510,WEST,furniture,Chairs,2,$485.28,0,151.66
NM202401462575,2024-01-18,2024-01-22,CU0014,PR511,South,FURNITURE,Chairs,8,$950.48,0,449.12
NM202401793741,2024-01-10,2024-01-12,CU0049,PR517,central,office supplies,Binders,8,$495.26,0.3,112.38
NM202401329443,2024-01-30,2024-02-06,CU0209,PR519,Central,Office Supplies,Paper,8,$90.08,0,32.56
NM202401627805,2024-01-14,2024-01-21,CU0178,PR517,WEST,OFFICE SUPPLIES,Binders,3,$212.26,0.2,68.68
NM202401983441,2024-01-03,2024-01-07,CU0166,PR520,Central,Office Supplies,Paper,3,$20.79,0.3,5.16
NM202401635616,2024-01-09,2024-01-16,CU0175,PR518,Central ,OFFICE SUPPLIES,Paper,6,$324.72,0.2,120.72
NM202401741087,2024-01-26,2024-01-31,CU0178,PR508,West ,Technology,Machines,7,"$1,606.15",0,778.47
NM202401271928,2024-01-07,2024-01-08,CU0126,PR518,south,Office Supplies,Paper,4,$189.42,0.3,53.42
NM202401334580,2024-01-04,2024-01-10,CU0047,PR521,East ,Office Supplies,Storage,7,$313.74,0.1,47.88
NM202401108240,2024-01-22,2024-01-28,CU0097,PR519,Central,office supplies,Paper,2,$18.02,0.2,3.64
NM202401619738,2024-01-01,2024-01-08,CU0065,PR506,SOUTH,TECHNOLOGY,Accessories,1,$457.66,0.3,129.38
NM202401432832,2024-01-24,2024-01-28,CU0039,PR522,East,office supplies,Storage,2,$83.38,0,39.34
NM202401204459,"Jan 15, 2024","Jan 18, 2024",CU0102,PR510,West,furniture,Chairs,8,$776.45,0.6,-558.03
NM202401899087,2024-01-28,2024-01-29,CU0173,PR504,west,Technology,Accessories,8,"$5,823.36",0,2410.64
NM202401341133,2024-01-13,2024-01-20,CU0036,PR503,central,TECHNOLOGY,Phones,2,$309.78,,113.6
NM202401578169,"Jan 16, 2024","Jan 16, 2024",CU0224,PR524,East,OFFICE SUPPLIES,Art,1,$71.83,0.15,5.89
NM202401772807,2024-01-01,2024-01-01,CU0235,PR522,EAST,OFFICE SUPPLIES,Storage,1,$41.69,0,19.67
NM202401223755,2024-01-02,2024-01-07,CU0172,PR504,Central ,Technology,Accessories,5,"$3,639.60",,1506.65
NM202401652867,2024-01-28,2024-02-04,CU0105,PR505,EAST,Technology,Accessories,1,$194.24,0,81.72
NM202401777297,2024-01-06,2024-01-06,CU0081,PR508,East,technology,Machines,2,$367.12,0.2,130.64
NM202401559247,2024-01-05,2024-01-12,CU0103,PR524, South,OFFICE SUPPLIES,Art,4,$135.22,0.6,
NM202401207084,"Jan 30, 2024","Jan 30, 2024",CU0056,PR502,east,Technology,Phones,3,$808.86,0.15,321.54
NM202401621466,2024-01-06,2024-01-10,CU0083,PR509,Central,TECHNOLOGY,Machines,7,"$4,173.56",0.1,1820.09
NM202401558109,2024-01-18,2024-01-21,CU0018,PR506,south,TECHNOLOGY,Accessories,6,"$3,922.80",0,1953.12
NM202401852913,2024-01-26,2024-01-30,CU0230,PR504,CENTRAL,Technology,Accessories,6,"$4,367.52",0,1807.98
NM202401945758,19-Jan-2024,23-Jan-2024,CU0019,PR502,EAST,Technology,Phones,3,$951.60,0,464.28
NM202401748135,2024-01-21,2024-01-25,CU0059,PR518,SOUTH,office supplies,Paper,2,$135.30,0,67.3
NM202401335834,2024-01-21,2024-01-26,CU0084,PR503,SOUTH,technology,Phones,2,$278.80,0.1,82.62
NM202401482322,2024-01-14,2024-01-18,CU0049,PR519,Central,OFFICE SUPPLIES,Paper,3,$33.78,0,12.21
NM202401677514,24-Jan-2024,30-Jan-2024,CU0180,PR511, Central,Furniture,Chairs,1,$100.99,0.15,38.32
NM202401988673,2024-01-11,2024-01-14,CU0100,PR505, Central,TECHNOLOGY,Accessories,4,$310.78,0.6,-139.3
NM202401486514,2024-01-30,2024-01-30,CU0137,PR523,SOUTH,office supplies,Art,2,$71.44,0.3,-5.86
NM202401804591,2024-01-15,2024-01-19,CU0238,PR521,central,Office Supplies,Storage,1,$49.80,,11.82
NM202401372177,27-Jan-2024,02-Feb-2024,CU0116,PR519,East,office supplies,Paper,6,$57.43,0.15,14.29
NM202401988563,2024-01-30,2024-02-04,CU0041,PR521,South ,OFFICE SUPPLIES,Storage,2,$84.66,0.15,8.7
NM202401875042,2024-01-10,2024-01-10,CU0013,PR518,Central,OFFICE SUPPLIES,Paper,6,$324.72,0.2,120.72
NM202401554887,2024-01-12,2024-01-14,CU0008,PR511,SOUTH,Furniture,Chairs,6,$499.00,0.3,122.98
NM202401493767,2024-01-18,2024-01-24,CU0164,PR515,Central,furniture,Bookcases,7,"$4,006.17",0,1788.71
NM202401743988,2024-01-26,2024-01-28,CU0005,PR511,East,FURNITURE,Chairs,1,$118.81,0,56.14
NM202401890673,"Jan 13, 2024","Jan 17, 2024",CU0200,PR501, East,Technology,Phones,8,"$8,320.48",0,2613.2
NM202401429120,2024-01-08,2024-01-15,CU0081,PR524,East ,Office Supplies,Art,1,$67.61,0.2,1.67
NM202401142046,2024-01-26,2024-01-28,CU0051,PR507,South ,Technology,Machines,3,$128.07,0,68.52
NM202401544771,15-Jan-2024,18-Jan-2024,CU0213,PR519,south,Office Supplies,Paper,1,$11.26,0,
NM202401490958,2024-01-15,2024-01-15,CU0099,PR517,East,office supplies,Binders,1,$61.91,0.3,14.05
NM202401438729,2024-01-24,2024-01-30,CU0159,PR511, Central,furniture,Chairs,8,$665.34,0.3,163.98
NM202401596341,2024-01-09,2024-01-10,CU0098,PR515,Central ,furniture,Bookcases,4,"$1,945.85",0.15,678.73
NM202401990067,2024-01-26,2024-01-26,CU0150,PR503,South ,technology,Phones,7,"$1,084.23",0,397.6
NM202401932888,2024-01-04,2024-01-10,CU0089,PR502,west,technology,Phones,3,$951.60,0,464.28
NM202401875419,2024-01-24,2024-01-26,CU0040,PR501,West,TECHNOLOGY,Phones,6,"$4,992.29",0.2,711.83
NM202401631273,2024-01-30,2024-01-31,CU0062,PR514,CENTRAL,furniture,Bookcases,8,"$1,695.81",0.2,415.57
NM202401850158,2024-01-20,2024-01-26,CU0123,PR516,Central,Office Supplies,Binders,2,$19.28,0,9.52
NM202401349691,2024-01-03,2024-01-05,CU0233,PR523,East ,office supplies,Art,1,$40.82,0.2,2.17
NM202401859910,"Jan 18, 2024","Jan 19, 2024",CU0150,PR502,South ,Technology,Phones,5,"$1,110.20",0.3,298.0
NM202401840197,2024-01-19,2024-01-22,CU0024,PR501,east,Technology,Phones,3,"$3,120.18",0,979.95
NM202401718919,2024-01-26,2024-01-30,CU0132,PR513,central,Furniture,Tables,1,$177.83,0.3,-18.2
NM202401578111,2024-01-07,2024-01-07,CU0239,PR519,SOUTH,OFFICE SUPPLIES,Paper,7,$55.17,0.3,4.84
NM202401593262,2024-01-29,2024-01-31,CU0170,PR519,South ,Office Supplies,Paper,8,$81.07,0.1,23.55
NM202401582800,2024-01-03,2024-01-03,CU0209,PR505,Central,Technology,Accessories,8,"$1,243.14",0.2,342.98
NM202401178552,2024-01-19,2024-01-20,CU0150,PR522, South,Office Supplies,Storage,6,$200.11,0.2,67.99
NM202401916845,2024-01-16,2024-01-22,CU0035,PR505,central,Technology,Accessories,2,$310.78,0.2,85.74
NM202401578054,27-Jan-2024,28-Jan-2024,CU0219,PR511,West ,Furniture,Chairs,5,$594.05,0,280.7
NM202401695115,2024-01-30,2024-02-02,CU0195,PR524,South,Office Supplies,Art,5,$359.17,0.15,29.47
NM202401311281,2024-01-07,2024-01-09,CU0239,PR510,SOUTH,FURNITURE,Chairs,2,$485.28,0,151.66
NM202401141174,2024-01-05,2024-01-09,CU0176,PR511, East,Furniture,Chairs,7,$831.67,0,392.98
NM202401383001,2024-01-30,2024-01-30,CU0123,PR521,Central,Office Supplies,Storage,7,$278.88,0.2,13.02
NM202401804146,"Jan 18, 2024","Jan 23, 2024",CU0161,PR506,CENTRAL,technology,Accessories,5,"$1,961.40",0.4,320.0
NM202401184197,2024-01-23,2024-01-24,CU0209,PR507,central,Technology,Machines,1,$42.69,0,22.84
NM202401491783,"Jan 28, 2024","Feb 03, 2024",CU0080,PR524,SOUTH,office supplies,Art,6,$405.65,0.2,10.01
NM202401470305,2024-01-29,2024-02-04,CU0139,PR516,West ,Office Supplies,Binders,4,$38.56,0,19.04
NM202401910882,2024-01-05,2024-01-11,CU0125,PR507,EAST,Technology,Machines,4,$170.76,,91.36
NM202401213792,2024-01-17,2024-01-23,CU0076,PR522,CENTRAL,Office Supplies,Storage,5,$83.38,0.6,-26.72
NM202401883667,2024-01-17,2024-01-24,CU0130,PR507,Central,TECHNOLOGY,Machines,4,$119.53,0.3,40.13
NM202401819137,2024-01-23,2024-01-24,CU0063,PR508, Central,technology,Machines,8,"$1,835.60",0,889.68
NM202401615565,2024-01-19,2024-01-21,CU0236,PR513,south,furniture,Tables,1,$215.93,0.15,19.9
NM202401489669,2024-01-21,2024-01-27,CU0099,PR523,East ,Office Supplies,Art,4,$173.50,0.15,18.9
NM202401179586,2024-01-09,2024-01-12,CU0120,PR523,east,OFFICE SUPPLIES,Art,2,$102.06,0,24.76
NM202401891077,2024-01-11,2024-01-15,CU0076,PR502,Central,TECHNOLOGY,Phones,8,"$2,283.84",0.1,984.32
NM202401212851,2024-01-01,2024-01-01,CU0182,PR514,East ,Furniture,Bookcases,7,"$1,669.31",0.1,549.1
NM202401118179,2024-01-01,2024-01-05,CU0130,PR506,Central,Technology,Accessories,7,"$4,576.60",0,2278.64
NM202401325657,2024-01-15,2024-01-19,CU0053,PR505,EAST,TECHNOLOGY,Accessories,7,"$1,359.68",0,572.04
NM202401954545,2024-01-25,2024-01-31,CU0009,PR510, West,Furniture,Chairs,7,"$1,698.48",0,530.81
NM202401720636,2024-01-26,2024-01-27,CU0155,PR501,SOUTH,TECHNOLOGY,Phones,6,"$4,992.29",0.2,711.83
NM202401526636,2024-01-31,2024-02-06,CU0239,PR501,South,Technology,Phones,6,"$5,304.31",0.15,1023.85
NM202401982591,2024-01-08,2024-01-15,CU0228,PR515,west,Furniture,Bookcases,4,"$1,945.85",0.15,678.73
NM202401172036,2024-01-31,2024-02-01,CU0115,PR516,East,Office Supplies,Binders,7,$53.98,0.2,19.82
NM202401583340,2024-01-05,2024-01-10,CU0183,PR523,Central,Office Supplies,Art,7,$303.63,,33.08
NM202401791291,2024-01-10,2024-01-17,CU0185,PR513, East,FURNITURE,Tables,1,$254.04,0,58.01
NM202401691347,2024-01-11,2024-01-15,CU0058,PR521,East,Office Supplies,Storage,5,$174.30,0.3,-15.6
NM202401362955,2024-01-10,2024-01-17,CU0070,PR524,CENTRAL,office supplies,Art,7,$502.83,0.15,41.25
NM202401692452,2024-01-18,2024-01-22,CU0182,PR514, East,furniture,Bookcases,2,$370.96,0.3,50.9
NM202401652601,2024-01-19,2024-01-21,CU0047,PR521,East ,office supplies,Storage,8,$338.64,0.15,34.8
NM202401744860,2024-01-28,2024-02-04,CU0082,PR518, East,Office Supplies,Paper,4,$216.48,0.2,80.48
NM202401318350,2024-01-20,2024-01-23,CU0142,PR507,Central ,Technology,Machines,1,$34.15,0.2,14.3
NM202401904081,2024-01-05,2024-01-05,CU0030,PR516,west,OFFICE SUPPLIES,Binders,5,$43.38,0.1,18.98
NM202401336838,2024-01-28,2024-01-28,CU0153,PR517,South,OFFICE SUPPLIES,Binders,4,$212.26,0.4,20.82
NM202401253254,2024-01-21,2024-01-26,CU0156,PR518,EAST,OFFICE SUPPLIES,Paper,6,$405.90,0,201.9
NM202401887208,19-Jan-2024,20-Jan-2024,CU0131,PR521,Central ,office supplies,Storage,8,$358.56,0.1,54.72
NM202401448775,2024-01-21,2024-01-21,CU0200,PR518,EAST,Office Supplies,Paper,8,$541.20,0,269.2
NM202401769339,2024-01-08,2024-01-11,CU0008,PR506,South ,Technology,Accessories,4,"$1,830.64",0.3,517.52
NM202401337022,2024-01-17,2024-01-20,CU0196,PR516,East ,Office Supplies,Binders,7,$67.48,0,33.32
NM202401484094,2024-01-12,2024-01-18,CU0114,PR503,West,technology,Phones,5,$774.45,0,284.0
NM202401940451,2024-01-23,2024-01-24,CU0138,PR523,SOUTH,office supplies,Art,4,$163.30,0.2,8.7
NM202401649792,2024-01-09,2024-01-14,CU0222,PR510, West,Furniture,Chairs,4,$679.39,0.3,12.15
NM202401376072,2024-01-09,2024-01-16,CU0135,PR524,EAST,OFFICE SUPPLIES,Art,5,$380.30,0.1,50.6
NM202401319115,2024-01-21,2024-01-23,CU0231,PR518,West,OFFICE SUPPLIES,Paper,2,$121.77,0.1,53.77
NM202401308260,2024-01-26,2024-01-28,CU0163,PR524,CENTRAL,Office Supplies,Art,7,$473.26,0.2,11.68
NM202401312644,2024-01-05,2024-01-10,CU0235,PR516,East ,Office Supplies,Binders,2,$19.28,,9.52
NM202401108230,"Jan 13, 2024","Jan 15, 2024",CU0118,PR506, South,Technology,Accessories,8,"$3,661.28",0.3,1035.04
NM202401764846,2024-01-09,2024-01-10,CU0150,PR513,South,FURNITURE,Tables,2,$406.46,0.2,14.4
NM202401958292,2024-01-19,2024-01-24,CU0051,PR503,SOUTH,Technology,Phones,3,$394.97,0.15,100.7
NM202401940397,2024-01-08,2024-01-08,CU0199,PR518,Central ,office supplies,Paper,3,$202.95,0,100.95
NM202401731701,2024-01-10,2024-01-17,CU0156,PR517,EAST,Office Supplies,Binders,4,$283.01,0.2,91.57
NM202401997274,2024-01-26,2024-01-26,CU0105,PR511,East ,FURNITURE,Chairs,7,$831.67,0,392.98
NM202401309299,2024-01-02,2024-01-09,CU0006,PR515,South ,furniture,Bookcases,7,"$3,605.55",0.1,1388.09
NM202401683015,2024-01-25,2024-01-26,CU0203,PR502,SOUTH,technology,Phones,7,"$1,332.24",0.4,195.16
NM202401501653,2024-01-03,2024-01-05,CU0181,PR510,East ,Furniture,Chairs,2,$436.75,0.1,103.13
NM202401484565,2024-01-01,2024-01-07,CU0196,PR507,East,Technology,Machines,7,$298.83,0,159.88
NM202401345667,2024-01-03,2024-01-07,CU0040,PR515,WEST,Furniture,Bookcases,8,"$4,578.48",0,2044.24
NM202401177730,2024-01-19,2024-01-20,CU0073,PR524,west,Office Supplies,Art,1,$76.06,0.1,10.12
NM202401246294,2024-01-15,2024-01-21,CU0020,PR518,Central ,Office Supplies,Paper,5,$338.25,0,168.25
NM202401180615,2024-01-10,2024-01-17,CU0080,PR519,South,OFFICE SUPPLIES,Paper,2,$22.52,,8.14
NM202401510484,2024-01-02,2024-01-06,CU0130,PR501, Central,technology,Phones,6,"$5,616.32",0.1,1335.86
NM202401764857,2024-01-14,2024-01-21,CU0081,PR502,EAST,Technology,Phones,2,$253.76,0.6,-71.12
NM202401798829,2024-01-11,2024-01-17,CU0062,PR521,CENTRAL,office supplies,Storage,2,$99.60,0,23.64
NM202401646951,2024-01-23,2024-01-27,CU0054,PR520, South,Office Supplies,Paper,5,$39.60,0.2,13.55
NM202401107637,2024-01-20,2024-01-20,CU0102,PR516,West,office supplies,Binders,7,$40.49,0.4,6.33
NM202401616228,2024-01-10,2024-01-16,CU0204,PR516,Central,Office Supplies,Binders,2,$17.35,0.1,7.59
NM202401922549,2024-01-27,2024-01-29,CU0062,PR520,CENTRAL,Office Supplies,Paper,7,$62.37,0.1,25.9
NM202401314382,2024-01-19,2024-01-19,CU0020,PR521,Central ,office supplies,Storage,5,$249.00,0,59.1
NM202401598220,2024-01-29,2024-01-29,CU0100,PR518,central,Office Supplies,Paper,3,$182.66,0.1,80.66
NM202401146405,2024-01-20,2024-01-22,CU0229,PR520, Central,Office Supplies,Paper,5,$49.50,0,23.45
NM202401767515,2024-01-02,2024-01-05,CU0224,PR513,East ,Furniture,Tables,1,$254.04,0,58.01
NM202401117050,2024-01-24,2024-01-25,CU0106,PR506, Central,Technology,Accessories,7,"$3,890.11",0.15,1592.15
NM202401292765,2024-01-09,2024-01-16,CU0040,PR524,West ,Office Supplies,Art,8,$574.67,0.15,47.15
NM202401413096,2024-01-26,2024-01-26,CU0170,PR522,South ,OFFICE SUPPLIES,Storage,7,$248.06,0.15,93.92
NM202401153965,2024-01-10,2024-01-13,CU0183,PR515,central,FURNITURE,Bookcases,8,"$3,204.94",0.3,670.7
NM202401704319,2024-01-11,2024-01-13,CU0160,PR501,South ,technology,Phones,1,$728.04,0.3,14.63
NM202401636675,2024-01-14,2024-01-20,CU0057,PR522,Central ,OFFICE SUPPLIES,Storage,5,$208.45,0,98.35
NM202401232047,2024-01-18,2024-01-18,CU0136,PR523,central,Office Supplies,Art,5,$255.15,0,61.9
NM202401579688,21-Jan-2024,24-Jan-2024,CU0061,PR521,WEST,office supplies,Storage,1,$42.33,0.15,4.35
NM202401525200,2024-01-06,2024-01-12,CU0050,PR513,west,furniture,Tables,6,"$1,524.24",0,348.06
NM202401549711,2024-01-24,2024-01-26,CU0022,PR505,Central ,technology,Accessories,2,$388.48,0,163.44
NM202401773642,2024-01-23,2024-01-27,CU0005,PR504,EAST,Technology,Accessories,6,"$4,367.52",0,1807.98
NM202401303461,2024-01-16,2024-01-23,CU0083,PR501,CENTRAL,TECHNOLOGY,Phones,8,"$6,656.38",0.2,949.1
NM202401518854,2024-01-17,2024-01-21,CU0053,PR501,East,technology,Phones,5,"$4,160.24",0.2,593.19
NM202401597857,2024-01-30,2024-02-06,CU0216,PR502,south,TECHNOLOGY,Phones,1,$126.88,0.6,-35.56
NM202401254968,2024-01-20,2024-01-26,CU0022,PR501,Central ,Technology,Phones,2,"$1,664.10",0.2,237.28
NM202401503720,2024-01-28,2024-02-03,CU0133,PR516,West ,Office Supplies,Binders,4,$34.70,0.1,15.18
NM202401461324,2024-01-08,2024-01-15,CU0005,PR513,East ,Furniture,Tables,5,"$1,143.18",0.1,163.03
NM202401778625,2024-01-04,2024-01-04,CU0150,PR518, South,Office Supplies,Paper,7,$426.20,0.1,188.2
NM202401289238,2024-01-30,2024-02-04,CU0129,PR509,South,technology,Machines,1,$662.47,0,326.26
NM202401246786,2024-01-29,2024-02-02,CU0087,PR510, South,FURNITURE,Chairs,8,"$1,747.01",0.1,412.53
NM202401808992,13-Jan-2024,18-Jan-2024,CU0208,PR518,West,Office Supplies,Paper,5,$338.25,0,
NM202401593301,2024-01-29,2024-01-29,CU0225,PR524,West,Office Supplies,Art,5,$422.55,0,92.85
NM202401391577,2024-01-26,2024-02-02,CU0085,PR523,West,office supplies,Art,4,$204.12,0,49.52
NM202401126192,2024-01-15,2024-01-16,CU0145,PR517,SOUTH,office supplies,Binders,3,$225.52,0.15,81.94
NM202401432291,2024-01-04,2024-01-07,CU0060,PR515,south,FURNITURE,Bookcases,2,$686.77,0.4,53.21
NM202401409156,2024-01-07,2024-01-09,CU0093,PR505,East ,Technology,Accessories,3,$495.31,0.15,157.75
NM202401899050,"Jan 26, 2024","Feb 01, 2024",CU0110,PR523,West ,office supplies,Art,3,$153.09,0,37.14
NM202401681028,2024-01-28,2024-02-02,CU0141,PR516,South,Office Supplies,Binders,5,$40.97,0.15,16.57
NM202401957009,2024-01-17,2024-01-17,CU0092,PR523,SOUTH,Office Supplies,Art,5,$229.64,0.1,36.39
NM202401882230,2024-01-08,2024-01-11,CU0107,PR518,South ,OFFICE SUPPLIES,Paper,2,$108.24,0.2,40.24
NM202401641127,2024-01-17,2024-01-23,CU0047,PR506,East,Technology,Accessories,3,"$1,961.40",0,976.56
NM202401642321,2024-01-19,2024-01-22,CU0114,PR507,West,Technology,Machines,1,$29.88,0.3,10.03
NM202401389704,2024-01-18,2024-01-21,CU0035,PR504,CENTRAL,Technology,Accessories,5,"$3,639.60",0,1506.65
NM202401737200,2024-01-06,2024-01-13,CU0108,PR515,East,Furniture,Bookcases,2,"$1,144.62",0,511.06
NM202401773971,2024-01-11,2024-01-17,CU0075,PR520,West,office supplies,Paper,3,$20.79,0.3,5.16
NM202401683935,2024-01-06,2024-01-08,CU0181,PR508, East,technology,Machines,3,$688.35,0,333.63
NM202401713919,25-Jan-2024,01-Feb-2024,CU0161,PR516,Central,office supplies,Binders,7,$60.73,0.1,26.57
NM202401637110,2024-01-11,2024-01-15,CU0153,PR503,south,Technology,Phones,7,"$1,084.23",,397.6
NM202401704148,2024-01-18,2024-01-18,CU0224,PR513, East,Furniture,Tables,7,"$1,778.28",0,406.07
NM202401513383,2024-01-25,2024-01-27,CU0098,PR508,Central ,TECHNOLOGY,Machines,5,$917.80,0.2,326.6
NM202401748289,2024-01-25,2024-01-28,CU0208,PR521,West ,office supplies,Storage,6,$298.80,0,70.92
NM202401565566,2024-01-28,2024-02-02,CU0082,PR512,east,furniture,Tables,2,$836.34,0.4,-178.78
NM202401654225,2024-01-15,2024-01-18,CU0240,PR524, East,Office Supplies,Art,4,$270.43,0.2,6.67
NM202401991878,2024-01-23,2024-01-24,CU0205,PR505,CENTRAL,technology,Accessories,1,$116.54,0.4,4.02
NM202401804094,2024-01-23,2024-01-23,CU0060,PR503,South ,TECHNOLOGY,Phones,1,$154.89,0,56.8
NM202401389997,2024-01-23,2024-01-28,CU0116,PR506, East,Technology,Accessories,7,"$4,576.60",0,2278.64
NM202401611082,2024-01-11,2024-01-13,CU0148,PR502,SOUTH,technology,Phones,7,"$1,887.34",0.15,750.26
NM202401634722,2024-01-19,2024-01-21,CU0029,PR514,West,Furniture,Bookcases,3,$556.44,0.3,76.35
NM202401686020,2024-01-31,2024-01-31,CU0102,PR509,West,Technology,Machines,7,"$4,637.29",0,2283.82
NM202401709825,2024-01-13,2024-01-15,CU0030,PR511,West,FURNITURE,Chairs,8,$855.43,0.1,354.07
